,四日市市
16100,294
16101,332
16102,366
16103,329
16104,287
16105,219
16106,157
16107,115
16108,85
16109,72
16110,91
16111,167
16112,262
16113,351
16114,370
16115,339
16116,276
16117,231
16118,214
16119,218
16120,173
16121,163
16122,188
16123,236
16124,297
16125,334
16126,359
16127,319
16128,264
16129,219
16130,156
16131,111
16132,79
16133,72
16134,83
16135,125
16136,194
16137,275
16138,310
16139,261
16140,231
16141,198
16142,180
16143,174
16144,163
16145,156
16146,189
16147,237
16148,294
16149,327
16150,349
16151,328
16152,269
16153,208
16154,151
16155,121
16156,97
16157,102
16158,102
16159,163
16160,205
16161,269
16162,320
16163,274
16164,234
16165,209
16166,210
16167,184
16168,160
16169,166
16170,189
16171,254
16172,305
16173,347
16174,350
16175,326
16176,278
16177,218
16178,159
16179,110
16180,85
16181,75
16182,105
16183,146
16184,257
16185,393
16186,387
16187,327
16188,276
16189,239
16190,217
16191,204
16192,166
16193,166
16194,187
16195,236
16196,285
16197,331
16198,358
16199,316
16200,267
16201,214
16202,154
16203,114
16204,84
16205,83
16206,76
16207,113
16208,181
16209,249
16210,257
16211,229
16212,218
16213,188
16214,176
16215,162
16216,168
16217,155
16218,199
16219,265
16220,318
16221,369
16222,378
16223,334
16224,268
16225,201
16226,153
16227,112
16228,79
16229,65
16230,98
16231,190
16232,336
16233,354
16234,295
16235,245
16236,231
16237,182
16238,164
16239,168
16240,148
16241,143
16242,190
16243,228
16244,300
16245,378
16246,374
16247,367
16248,287
16249,213
16250,167
16251,107
16252,83
16253,70
16254,112
16255,188
16256,307
16257,338
16258,314
16259,246
16260,197
16261,181
16262,159
16263,165
16264,137
16265,148
16266,174
16267,222
16268,291
16269,324
16270,354
16271,335
16272,281
16273,220
16274,167
16275,121
16276,100
16277,74
16278,80
16279,136
16280,226
16281,279
16282,283
16283,271
16284,214
16285,189
16286,181
16287,172
16288,151
16289,154
16290,187
16291,233
16292,296
16293,322
16294,359
16295,312
16296,253
16297,213
16298,159
16299,112
16300,93
16301,74
16302,89
16303,110
16304,166
16305,233
16306,281
16307,262
16308,235
16309,197
16310,186
16311,172
16312,155
16313,154
16314,191
16315,254
16316,317
16317,356
16318,377
16319,345
16320,281
16321,203
16322,157
16323,103
16324,69
16325,67
16326,114
16327,202
16328,339
16329,374
16330,307
16331,237
16332,214
16333,178
16334,175
16335,158
16336,135
16337,127
16338,154
16339,234
16340,307
16341,380
16342,386
16343,365
16344,283
16345,203
16346,145
16347,98
16348,81
16349,62
16350,99
16351,207
16352,326
16353,359
16354,316
16355,258
16356,183
16357,163
16358,147
16359,140
16360,144
16361,135
16362,155
16363,220
16364,320
16365,383
16366,390
16367,353
16368,280
16369,208
16370,145
16371,101
16372,81
16373,68
16374,109
16375,195
16376,308
16377,348
16378,292
16379,226
16380,189
16381,167
16382,144
16383,132
16384,146
16385,149
16386,155
16387,220
16388,292
16389,359
16390,382
16391,345
16392,269
16393,206
16394,153
16395,101
16396,80
16397,71
16398,115
16399,184
16400,317
16401,352
16402,312
16403,228
16404,193
16405,180
16406,168
16407,144
16408,137
16409,134
16410,159
16411,218
16412,290
16413,350
16414,373
16415,361
16416,280
16417,205
16418,148
16419,104
16420,84
16421,66
16422,103
16423,194
16424,309
16425,334
16426,279
16427,241
16428,167
16429,162
16430,147
16431,147
16432,131
16433,140
16434,164
16435,220
16436,264
16437,321
16438,336
16439,305
16440,267
16441,211
16442,170
16443,136
16444,136
16445,119
16446,142
16447,229
16448,289
16449,325
16450,348
16451,308
16452,297
16453,306
16454,261
16455,263
16456,276
16457,250
16458,253
16459,298
16460,340
16461,382
16462,380
16463,347
16464,295
16465,238
16466,180
16467,128
16468,111
16469,97
16470,122
16471,158
16472,250
16473,376
16474,425
16475,328
16476,278
16477,248
16478,206
16479,180
16480,175
16481,162
16482,196
16483,233
16484,301
16485,422
16486,457
16487,403
16488,293
16489,218
16490,149
16491,112
16492,80
16493,73
16494,132
16495,216
16496,339
16497,342
16498,295
16499,243
16500,183
16501,160
16502,157
16503,143
16504,124
16505,132
16506,170
16507,236
16508,326
16509,461
16510,520
16511,404
16512,339
16513,302
16514,286
16515,276
16516,300
16517,283
16518,273
16519,447
16520,495
16521,408
16522,340
16523,270
16524,224
16525,216
16526,185
16527,173
16528,173
16529,182
16530,203
16531,273
16532,390
16533,477
16534,467
16535,369
16536,300
16537,256
16538,124
16539,31
16540,-9
16541,75
16542,128
16543,241
16544,402
16545,379
16546,310
16547,255
16548,194
16549,174
16550,158
16551,155
16552,164
16553,143
16554,166
16555,231
16556,300
16557,278
16558,386
16559,365
16560,305
16561,214
16562,138
16563,78
16564,74
16565,57
16566,112
16567,250
16568,364
16569,355
16570,303
16571,258
16572,194
16573,164
16574,68
16575,-22
16576,-35
16577,157
16578,218
16579,287
16580,374
16581,451
16582,465
16583,425
16584,332
16585,151
16586,115
16587,116
16588,94
16589,98
16590,108
16591,205
16592,364
16593,358
16594,275
16595,238
16596,199
16597,175
16598,151
16599,144
16600,147
16601,149
16602,155
16603,217
16604,277
16605,379
16606,429
16607,385
16608,312
16609,235
16610,166
16611,134
16612,90
16613,89
16614,95
16615,164
16616,238
16617,313
16618,339
16619,308
16620,246
16621,213
16622,201
16623,181
16624,163
16625,161
16626,217
16627,273
16628,337
16629,392
16630,425
16631,374
16632,317
16633,245
16634,164
16635,121
16636,96
16637,85
16638,95
16639,157
16640,223
16641,328
16642,360
16643,312
16644,278
16645,212
16646,184
16647,168
16648,164
16649,157
16650,197
16651,286
16652,366
16653,428
16654,436
16655,400
16656,315
16657,224
16658,155
16659,113
16660,82
16661,83
16662,151
16663,205
16664,328
16665,373
16666,295
16667,237
16668,200
16669,196
16670,158
16671,148
16672,155
16673,135
16674,175
16675,242
16676,309
16677,367
16678,385
16679,348
16680,272
16681,201
16682,151
16683,105
16684,79
16685,87
16686,122
16687,195
16688,311
16689,335
16690,267
16691,216
16692,178
16693,168
16694,153
16695,142
16696,145
16697,132
16698,186
16699,240
16700,308
16701,362
16702,385
16703,342
16704,284
16705,209
16706,151
16707,107
16708,83
16709,73
16710,106
16711,204
16712,315
16713,365
16714,297
16715,233
16716,188
16717,172
16718,144
16719,155
16720,157
16721,144
16722,168
16723,224
16724,313
16725,371
16726,387
16727,355
16728,282
16729,200
16730,157
16731,101
16732,89
16733,70
16734,114
16735,224
16736,348
16737,368
16738,321
16739,254
16740,198
16741,174
16742,155
16743,185
16744,153
16745,134
16746,166
16747,224
16748,292
16749,348
16750,379
16751,363
16752,292
16753,208
16754,152
16755,107
16756,81
16757,73
16758,111
16759,230
16760,344
16761,376
16762,299
16763,252
16764,198
16765,163
16766,153
16767,168
16768,156
16769,144
16770,174
16771,229
16772,275
16773,323
16774,345
16775,322
16776,264
16777,210
16778,164
16779,126
16780,90
16781,93
16782,101
16783,161
16784,272
16785,357
16786,341
16787,288
16788,253
16789,209
16790,174
16791,162
16792,150
16793,150
16794,190
16795,217
16796,268
16797,303
16798,322
16799,324
16800,263
16801,208
16802,163
16803,117
16804,84
16805,79
16806,95
16807,122
16808,180
16809,258
16810,287
16811,270
16812,218
16813,192
16814,179
16815,175
16816,158
16817,155
16818,188
16819,238
16820,297
16821,354
16822,365
16823,347
16824,283
16825,204
16826,145
16827,103
16828,82
16829,85
16830,99
16831,190
16832,335
16833,352
16834,271
16835,216
16836,176
16837,176
16838,145
16839,143
16840,133
16841,123
16842,175
16843,243
16844,302
16845,367
16846,391
16847,356
16848,276
16849,204
16850,155
16851,99
16852,83
16853,87
16854,123
16855,257
16856,356
16857,381
16858,302
16859,217
16860,188
16861,177
16862,153
16863,152
16864,135
16865,150
16866,191
16867,222
16868,295
16869,383
16870,406
16871,361
16872,271
16873,212
16874,147
16875,105
16876,80
16877,73
16878,100
16879,232
16880,367
16881,365
16882,289
16883,227
16884,191
16885,168
16886,142
16887,151
16888,152
16889,126
16890,166
16891,239
16892,300
16893,354
16894,381
16895,351
16896,288
16897,213
16898,158
16899,102
16900,82
16901,69
16902,104
16903,196
16904,342
16905,342
16906,281
16907,229
16908,180
16909,173
16910,149
16911,153
16912,152
16913,133
16914,163
16915,233
16916,297
16917,363
16918,378
16919,354
16920,284
16921,197
16922,144
16923,101
16924,86
16925,90
16926,102
16927,226
16928,381
16929,381
16930,289
16931,233
16932,218
16933,166
16934,154
16935,158
16936,133
16937,133
16938,188
16939,222
16940,274
16941,315
16942,332
16943,316
16944,259
16945,204
16946,156
16947,110
16948,81
16949,76
16950,107
16951,164
16952,289
16953,363
16954,346
16955,287
16956,247
16957,209
16958,164
16959,165
16960,139
16961,146
16962,178
16963,213
16964,245
16965,291
16966,331
16967,304
16968,246
16969,216
16970,153
16971,114
16972,83
16973,72
16974,87
16975,149
16976,244
16977,350
16978,355
16979,307
16980,252
16981,204
16982,187
16983,168
16984,150
16985,147
16986,172
16987,209
16988,269
16989,348
16990,367
16991,338
16992,269
16993,202
16994,143
16995,98
16996,74
16997,61
16998,98
16999,206
17000,340
17001,362
17002,299
17003,217
17004,188
17005,160
17006,147
17007,155
17008,135
17009,120
17010,167
17011,222
17012,290
17013,346
17014,379
17015,352
17016,275
17017,203
17018,153
17019,95
17020,84
17021,71
17022,105
17023,213
17024,340
17025,362
17026,272
17027,236
17028,171
17029,162
17030,143
17031,147
17032,151
17033,131
17034,167
17035,215
17036,289
17037,345
17038,381
17039,356
17040,282
17041,198
17042,145
17043,93
17044,84
17045,66
17046,107
17047,200
17048,329
17049,346
17050,245
17051,197
17052,170
17053,143
17054,149
17055,152
17056,141
17057,138
17058,175
17059,234
17060,289
17061,339
17062,402
17063,373
17064,283
17065,210
17066,152
17067,102
17068,84
17069,81
17070,102
17071,192
17072,340
17073,353
17074,256
17075,193
17076,196
17077,158
17078,139
17079,161
17080,152
17081,134
17082,195
17083,270
17084,353
17085,384
17086,393
17087,359
17088,290
17089,218
17090,164
17091,106
17092,92
17093,76
17094,113
17095,219
17096,347
17097,328
17098,256
17099,221
17100,167
17101,163
17102,142
17103,161
17104,148
17105,134
17106,174
17107,227
17108,278
17109,319
17110,365
17111,332
17112,271
17113,204
17114,175
17115,121
17116,92
17117,78
17118,90
17119,147
17120,234
17121,298
17122,301
17123,264
17124,221
17125,184
17126,168
17127,161
17128,166
17129,155
17130,191
17131,239
17132,264
17133,308
17134,353
17135,374
17136,316
17137,237
17138,183
17139,141
17140,130
17141,120
17142,127
17143,177
17144,229
17145,297
17146,313
17147,284
17148,247
17149,210
17150,203
17151,191
17152,169
17153,168
17154,196
17155,249
17156,311
17157,364
17158,382
17159,347
17160,281
17161,210
17162,151
17163,104
17164,90
17165,77
17166,124
17167,225
17168,368
17169,378
17170,307
17171,227
17172,193
17173,169
17174,171
17175,148
17176,136
17177,128
17178,169
17179,232
17180,296
17181,370
17182,407
17183,349
17184,281
17185,201
17186,151
17187,106
17188,86
17189,89
17190,99
17191,226
17192,348
17193,356
17194,284
17195,220
17196,171
17197,162
17198,154
17199,161
17200,145
17201,139
17202,157
17203,227
17204,279
17205,358
17206,378
17207,354
17208,291
17209,214
17210,150
17211,117
17212,86
17213,72
17214,107
17215,217
17216,386
17217,381
17218,296
17219,233
17220,188
17221,169
17222,154
17223,169
17224,145
17225,140
17226,170
17227,227
17228,297
17229,374
17230,383
17231,349
17232,276
17233,204
17234,145
17235,101
17236,99
17237,70
17238,97
17239,184
17240,335
17241,322
17242,246
17243,205
17244,186
17245,193
17246,190
17247,195
17248,177
17249,189
17250,260
17251,359
17252,491
17253,550
17254,557
17255,474
17256,356
17257,269
17258,226
17259,260
17260,359
17261,510
17262,598
17263,628
17264,652
17265,555
17266,433
17267,309
17268,295
17269,266
17270,236
17271,250
17272,205
17273,219
17274,267
17275,330
17276,373
17277,414
17278,403
17279,387
17280,317
17281,266
17282,187
17283,148
17284,126
17285,123
17286,133
17287,249
17288,399
17289,458
17290,402
17291,307
17292,257
17293,253
17294,203
17295,179
17296,159
17297,154
17298,196
17299,234
17300,271
17301,305
17302,343
17303,342
17304,295
17305,227
17306,188
17307,133
17308,101
17309,89
17310,101
17311,152
17312,246
17313,326
17314,337
17315,307
17316,257
17317,218
17318,189
17319,181
17320,163
17321,177
17322,181
17323,231
17324,288
17325,340
17326,365
17327,348
17328,291
17329,209
17330,163
17331,119
17332,87
17333,82
17334,103
17335,213
17336,317
17337,329
17338,268
17339,211
17340,169
17341,163
17342,167
17343,163
17344,148
17345,131
17346,165
17347,226
17348,291
17349,357
17350,389
17351,358
17352,283
17353,216
17354,157
17355,108
17356,85
17357,100
17358,116
17359,205
17360,361
17361,373
17362,295
17363,228
17364,197
17365,161
17366,151
17367,152
17368,148
17369,130
17370,188
17371,226
17372,289
17373,356
17374,386
17375,365
17376,289
17377,217
17378,156
17379,105
17380,86
17381,98
17382,114
17383,195
17384,346
17385,359
17386,279
17387,220
17388,187
17389,177
17390,154
17391,151
17392,154
17393,144
17394,185
17395,228
17396,278
17397,349
17398,383
17399,365
17400,307
17401,219
17402,163
17403,112
17404,92
17405,77
17406,113
17407,211
17408,324
17409,331
17410,284
17411,205
17412,173
17413,164
17414,157
17415,157
17416,147
17417,143
17418,179
17419,256
17420,297
17421,349
17422,380
17423,356
17424,301
17425,208
17426,158
17427,115
17428,106
17429,81
17430,111
17431,210
17432,332
17433,342
17434,280
17435,234
17436,176
17437,163
17438,162
17439,178
17440,150
17441,141
17442,181
17443,227
17444,281
17445,325
17446,356
17447,332
17448,287
17449,212
17450,148
17451,122
17452,100
17453,83
17454,105
17455,185
17456,285
17457,350
17458,347
17459,277
17460,239
17461,207
17462,183
17463,170
17464,153
17465,143
17466,179
17467,214
17468,262
17469,286
17470,343
17471,318
17472,262
17473,217
17474,169
17475,123
17476,93
17477,91
17478,145
17479,251
17480,271
17481,336
17482,337
17483,297
17484,257
17485,223
17486,193
17487,179
17488,169
17489,173
17490,198
17491,236
17492,294
17493,351
17494,364
17495,356
17496,287
17497,215
17498,160
17499,125
17500,89
17501,81
17502,113
17503,279
17504,397
17505,391
17506,318
17507,241
17508,195
17509,180
17510,164
17511,168
17512,140
17513,148
17514,168
17515,230
17516,299
17517,371
17518,393
17519,359
17520,279
17521,200
17522,159
17523,112
17524,88
17525,80
17526,119
17527,199
17528,312
17529,360
17530,294
17531,301
17532,292
17533,233
17534,220
17535,215
17536,189
17537,186
17538,252
17539,310
17540,392
17541,394
17542,432
17543,394
17544,342
17545,263
17546,200
17547,143
17548,111
17549,110
17550,149
17551,319
17552,376
17553,373
17554,281
17555,217
17556,201
17557,189
17558,167
17559,172
17560,164
17561,166
17562,195
17563,268
17564,342
17565,390
17566,392
17567,373
17568,292
17569,223
17570,169
17571,133
17572,95
17573,94
17574,131
17575,308
17576,386
17577,400
17578,311
17579,227
17580,213
17581,179
17582,176
17583,172
17584,149
17585,144
17586,184
17587,248
17588,311
17589,356
17590,384
17591,358
17592,291
17593,221
17594,160
17595,131
17596,89
17597,85
17598,117
17599,218
17600,329
17601,335
17602,270
17603,196
17604,178
17605,157
17606,149
17607,170
17608,155
17609,148
17610,177
17611,237
17612,298
17613,350
17614,414
17615,413
17616,424
17617,372
17618,342
17619,334
17620,257
17621,200
17622,215
17623,308
17624,406
17625,460
17626,404
17627,337
17628,283
17629,244
17630,241
17631,208
17632,189
17633,215
17634,252
17635,321
17636,350
17637,413
17638,384
17639,373
17640,302
17641,260
17642,202
17643,150
17644,121
17645,113
17646,144
17647,171
17648,252
17649,342
17650,355
17651,300
17652,254
17653,215
17654,207
17655,197
17656,199
17657,185
17658,205
17659,257
17660,312
17661,407
17662,437
17663,368
17664,288
17665,224
17666,174
17667,143
17668,137
17669,132
17670,149
17671,255
17672,345
17673,371
17674,291
17675,232
17676,233
17677,228
17678,210
17679,247
17680,209
17681,204
17682,255
17683,333
17684,455
17685,521
17686,477
17687,389
17688,326
17689,250
17690,195
17691,156
17692,121
17693,119
17694,165
17695,265
17696,356
17697,368
17698,300
17699,249
17700,201
17701,185
17702,186
17703,181
17704,201
17705,452
17706,514
17707,509
17708,467
17709,518
17710,499
17711,415
17712,346
17713,251
17714,221
17715,261
17716,349
17717,503
17718,563
17719,657
17720,665
17721,607
17722,436
17723,369
17724,332
17725,287
17726,262
17727,265
17728,231
17729,226
17730,287
17731,336
17732,426
17733,471
17734,446
17735,388
17736,320
17737,264
17738,190
17739,155
17740,132
17741,154
17742,187
17743,332
17744,409
17745,397
17746,317
17747,283
17748,243
17749,209
17750,243
17751,219
17752,214
17753,235
17754,243
17755,299
17756,378
17757,408
17758,416
17759,395
17760,351
17761,248
17762,190
17763,144
17764,126
17765,130
17766,145
17767,265
17768,356
17769,375
17770,301
17771,248
17772,224
17773,192
17774,178
17775,185
17776,201
17777,175
17778,200
17779,255
17780,316
17781,365
17782,381
17783,356
17784,314
17785,255
17786,198
17787,143
17788,110
17789,102
17790,130
17791,172
17792,256
17793,344
17794,339
17795,312
17796,251
17797,211
17798,212
17799,202
17800,188
17801,190
17802,229
17803,235
17804,291
17805,338
17806,366
17807,342
17808,282
17809,227
17810,184
17811,133
17812,115
17813,115
17814,110
17815,155
17816,225
17817,337
17818,379
17819,349
17820,296
17821,252
17822,226
17823,214
17824,182
17825,176
17826,193
17827,205
17828,289
17829,356
17830,380
17831,364
17832,294
17833,229
17834,161
17835,113
17836,104
17837,96
17838,113
17839,198
17840,335
17841,340
17842,265
17843,216
17844,186
17845,179
17846,169
17847,191
17848,175
17849,166
17850,196
17851,278
17852,341
17853,402
17854,418
17855,394
17856,355
17857,269
17858,207
17859,160
17860,154
17861,153
17862,192
17863,311
17864,370
17865,371
17866,318
17867,258
17868,223
17869,227
17870,229
17871,236
17872,232
17873,226
17874,252
17875,331
17876,371
17877,458
17878,440
17879,400
17880,327
17881,251
17882,198
17883,137
17884,119
17885,105
17886,150
17887,249
17888,368
17889,390
17890,288
17891,246
17892,211
17893,179
17894,168
17895,174
17896,193
17897,169
17898,204
17899,250
17900,320
17901,380
17902,412
17903,377
17904,305
17905,230
17906,167
17907,124
17908,114
17909,90
17910,125
17911,254
17912,338
17913,385
17914,327
17915,254
17916,215
17917,207
17918,184
17919,165
17920,166
17921,160
17922,203
17923,245
17924,301
17925,369
17926,399
17927,353
17928,311
17929,223
17930,167
17931,139
17932,113
17933,110
17934,161
17935,228
17936,345
17937,359
17938,276
17939,239
17940,204
17941,193
17942,191
17943,173
17944,159
17945,171
17946,196
17947,260
17948,297
17949,345
17950,382
17951,352
17952,310
17953,270
17954,226
17955,168
17956,167
17957,136
17958,147
17959,249
17960,340
17961,395
17962,369
17963,349
17964,304
17965,280
17966,264
17967,224
17968,212
17969,215
17970,229
17971,261
17972,300
17973,329
17974,346
17975,342
17976,284
17977,230
17978,188
17979,157
17980,116
17981,102
17982,84
17983,127
17984,178
17985,295
17986,331
17987,301
17988,251
17989,218
17990,197
17991,175
17992,167
17993,160
17994,195
17995,246
17996,268
17997,309
17998,337
17999,350
18000,282
18001,214
18002,159
18003,118
18004,113
18005,93
18006,101
18007,164
18008,282
18009,353
18010,288
18011,242
18012,197
18013,176
18014,184
18015,169
18016,150
18017,143
18018,178
18019,224
18020,275
18021,372
18022,392
18023,359
18024,292
18025,220
18026,164
18027,111
18028,86
18029,88
18030,126
18031,223
18032,355
18033,381
18034,296
18035,232
18036,203
18037,177
18038,158
18039,164
18040,160
18041,167
18042,189
18043,242
18044,314
18045,355
18046,382
18047,348
18048,321
18049,312
18050,228
18051,144
18052,106
18053,104
18054,148
18055,277
18056,413
18057,400
18058,298
18059,264
18060,198
18061,186
18062,170
18063,158
18064,183
18065,171
18066,171
18067,235
18068,295
18069,335
18070,362
18071,346
18072,297
18073,230
18074,172
18075,120
18076,95
18077,84
18078,113
18079,180
18080,263
18081,332
18082,312
18083,263
18084,234
18085,193
18086,165
18087,170
18088,166
18089,149
18090,189
18091,240
18092,290
18093,325
18094,337
18095,331
18096,282
18097,222
18098,176
18099,124
18100,100
18101,86
18102,100
18103,177
18104,239
18105,323
18106,319
18107,254
18108,230
18109,216
18110,182
18111,165
18112,155
18113,169
18114,193
18115,243
18116,285
18117,331
18118,343
18119,326
18120,299
18121,237
18122,181
18123,133
18124,124
18125,103
18126,119
18127,189
18128,253
18129,316
18130,339
18131,268
18132,234
18133,244
18134,189
18135,182
18136,172
18137,174
18138,215
18139,256
18140,326
18141,359
18142,370
18143,343
18144,298
18145,231
18146,180
18147,136
18148,120
18149,103
18150,126
18151,160
18152,237
18153,328
18154,340
18155,293
18156,277
18157,231
18158,232
18159,226
18160,223
18161,276
18162,365
18163,423
18164,489
18165,500
18166,454
18167,375
18168,320
18169,245
18170,197
18171,140
18172,114
18173,112
18174,164
18175,260
18176,359
18177,368
18178,290
18179,254
18180,215
18181,186
18182,189
18183,183
18184,169
18185,174
18186,196
18187,276
18188,358
18189,402
18190,411
18191,371
18192,324
18193,225
18194,170
18195,128
18196,98
18197,108
18198,138
18199,220
18200,373
18201,368
18202,299
18203,244
18204,188
18205,177
18206,181
18207,165
18208,169
18209,157
18210,206
18211,265
18212,323
18213,373
18214,407
18215,361
18216,303
18217,241
18218,180
18219,134
18220,97
18221,88
18222,112
18223,215
18224,359
18225,364
18226,288
18227,228
18228,197
18229,166
18230,161
18231,190
18232,152
18233,168
18234,196
18235,239
18236,321
18237,388
18238,413
18239,367
18240,302
18241,225
18242,170
18243,130
18244,109
18245,108
18246,126
18247,199
18248,354
18249,358
18250,277
18251,251
18252,209
18253,179
18254,188
18255,182
18256,164
18257,154
18258,198
18259,271
18260,311
18261,360
18262,392
18263,358
18264,294
18265,231
18266,157
18267,130
18268,95
18269,90
18270,115
18271,225
18272,348
18273,366
18274,304
18275,252
18276,203
18277,223
18278,219
18279,180
18280,154
18281,169
18282,202
18283,256
18284,295
18285,338
18286,357
18287,348
18288,291
18289,245
18290,170
18291,123
18292,104
18293,91
18294,112
18295,211
18296,323
18297,397
18298,380
18299,327
18300,274
18301,254
18302,212
18303,196
18304,171
18305,168
18306,198
18307,253
18308,290
18309,325
18310,349
18311,333
18312,277
18313,208
18314,176
18315,133
18316,98
18317,89
18318,94
18319,151
18320,264
18321,362
18322,358
18323,325
18324,267
18325,230
18326,216
18327,193
18328,182
18329,171
18330,211
18331,253
18332,311
18333,355
18334,368
18335,350
18336,303
18337,205
18338,156
18339,109
18340,93
18341,77
18342,112
18343,206
18344,321
18345,358
18346,302
18347,232
18348,190
18349,175
18350,194
18351,161
18352,141
18353,146
18354,185
18355,240
18356,305
18357,382
18358,397
18359,340
18360,288
18361,204
18362,159
18363,114
18364,96
18365,84
18366,129
18367,201
18368,335
18369,366
18370,279
18371,235
18372,204
18373,181
18374,169
18375,157
18376,153
18377,154
18378,198
18379,232
18380,324
18381,366
18382,390
18383,340
18384,277
18385,226
18386,159
18387,115
18388,86
18389,97
18390,115
18391,193
18392,331
18393,363
18394,299
18395,243
18396,217
18397,190
18398,164
18399,162
18400,153
18401,148
18402,187
18403,245
18404,314
18405,366
18406,386
18407,346
18408,272
18409,213
18410,154
18411,114
18412,87
18413,76
18414,122
18415,208
18416,332
18417,366
18418,313
18419,248
18420,188
18421,182
18422,175
18423,149
18424,150
18425,146
18426,170
18427,252
18428,317
18429,354
18430,377
18431,336
18432,270
18433,211
18434,156
18435,110
18436,88
18437,84
18438,118
18439,201
18440,345
18441,368
18442,287
18443,225
18444,212
18445,189
18446,155
18447,160
18448,144
18449,139
18450,182
18451,231
18452,288
18453,329
18454,355
18455,320
18456,265
18457,207
18458,154
18459,121
18460,102
18461,77
18462,100
18463,160
18464,284
18465,343
18466,335
18467,309
18468,244
18469,216
18470,199
18471,180
18472,169
18473,151
18474,176
18475,235
18476,272
18477,320
18478,346
18479,313
18480,268
18481,210
18482,153
18483,117
18484,94
18485,79
18486,86
18487,150
18488,244
18489,337
18490,346
18491,294
18492,252
18493,215
18494,189
18495,179
18496,169
18497,157
18498,186
18499,224
18500,290
18501,326
18502,347
18503,313
18504,261
18505,199
18506,148
18507,131
18508,94
18509,83
18510,95
18511,166
18512,255
18513,330
18514,344
18515,289
18516,246
18517,218
18518,192
18519,190
18520,157
18521,178
18522,191
18523,230
18524,302
18525,339
18526,360
18527,342
18528,265
18529,199
18530,152
18531,105
18532,88
18533,75
18534,109
18535,195
18536,294
18537,339
18538,300
18539,252
18540,206
18541,183
18542,182
18543,173
18544,145
18545,151
18546,183
18547,242
18548,314
18549,344
18550,373
18551,318
18552,264
18553,204
18554,148
18555,113
18556,81
18557,79
18558,120
18559,182
18560,301
18561,357
18562,298
18563,256
18564,210
18565,198
18566,189
18567,153
18568,167
18569,153
18570,200
18571,260
18572,302
18573,325
18574,364
18575,324
18576,257
18577,204
18578,144
18579,120
18580,87
18581,83
18582,123
18583,172
18584,304
18585,333
18586,303
18587,281
18588,215
18589,183
18590,199
18591,218
18592,164
18593,162
18594,180
18595,235
18596,277
18597,333
18598,346
18599,334
18600,283
18601,204
18602,150
18603,114
18604,87
18605,77
18606,122
18607,165
18608,278
18609,337
18610,335
18611,300
18612,232
18613,197
18614,175
18615,171
18616,157
18617,154
18618,184
18619,222
18620,275
18621,312
18622,349
18623,298
18624,268
18625,218
18626,163
18627,115
18628,92
18629,78
18630,103
18631,160
18632,248
18633,327
18634,328
18635,292
18636,266
18637,205
18638,177
18639,166
18640,164
18641,156
18642,164
18643,222
18644,259
18645,301
18646,331
18647,303
18648,256
18649,215
18650,173
18651,112
18652,92
18653,76
18654,91
18655,135
18656,228
18657,321
18658,323
18659,311
18660,253
18661,215
18662,185
18663,176
18664,162
18665,163
18666,188
18667,237
18668,290
18669,346
18670,369
18671,330
18672,266
18673,206
18674,151
18675,100
18676,82
18677,69
18678,93
18679,208
18680,323
18681,343
18682,283
18683,237
18684,185
18685,167
18686,152
18687,146
18688,150
18689,131
18690,171
18691,236
18692,299
18693,351
18694,371
18695,333
18696,273
18697,192
18698,146
18699,101
18700,79
18701,76
18702,112
18703,197
18704,326
18705,347
18706,299
18707,216
18708,189
18709,147
18710,147
18711,148
18712,154
18713,136
18714,176
18715,226
18716,301
18717,354
18718,373
18719,343
18720,273
18721,200
18722,149
18723,111
18724,83
18725,81
18726,110
18727,192
18728,321
18729,350
18730,283
18731,221
18732,197
18733,176
18734,145
18735,162
18736,139
18737,136
18738,170
18739,230
18740,326
18741,361
18742,375
18743,326
18744,264
18745,196
18746,152
18747,115
18748,81
18749,81
18750,106
18751,217
18752,335
18753,357
18754,276
18755,249
18756,199
18757,158
18758,158
18759,168
18760,147
18761,130
18762,176
18763,242
18764,309
18765,352
18766,365
18767,335
18768,281
18769,206
18770,165
18771,108
18772,81
18773,77
18774,102
18775,216
18776,327
18777,350
18778,287
18779,263
18780,192
18781,176
18782,160
18783,151
18784,154
18785,149
18786,179
18787,225
18788,293
18789,331
18790,336
18791,312
18792,255
18793,197
18794,159
18795,116
18796,99
18797,96
18798,92
18799,156
18800,270
18801,342
18802,319
18803,267
18804,244
18805,217
18806,178
18807,169
18808,161
18809,166
18810,184
18811,236
18812,283
18813,307
18814,317
18815,297
18816,251
18817,197
18818,165
18819,121
18820,93
18821,81
18822,89
18823,139
18824,210
18825,292
18826,317
18827,290
18828,246
18829,216
18830,186
18831,168
18832,160
18833,153
18834,174
18835,232
18836,318
18837,353
18838,361
18839,329
18840,265
18841,203
18842,145
18843,106
18844,78
18845,70
18846,102
18847,200
18848,341
18849,371
18850,297
18851,204
18852,187
18853,171
18854,154
18855,164
18856,151
18857,141
18858,173
18859,224
18860,307
18861,368
18862,390
18863,335
18864,278
18865,208
18866,145
18867,109
18868,80
18869,87
18870,99
18871,214
18872,337
18873,347
18874,293
18875,222
18876,174
18877,160
18878,156
18879,166
18880,166
18881,147
18882,164
18883,249
18884,323
18885,363
18886,382
18887,336
18888,268
18889,201
18890,156
18891,111
18892,91
18893,77
18894,110
18895,198
18896,346
18897,354
18898,285
18899,214
18900,173
18901,161
18902,150
18903,149
18904,158
18905,152
18906,184
18907,253
18908,310
18909,359
18910,375
18911,329
18912,267
18913,209
18914,151
18915,113
18916,90
18917,109
18918,106
18919,201
18920,350
18921,334
18922,259
18923,194
18924,195
18925,166
18926,150
18927,158
18928,148
18929,154
18930,178
18931,242
18932,297
18933,361
18934,377
18935,338
18936,275
18937,201
18938,153
18939,108
18940,98
18941,83
18942,98
18943,200
18944,353
18945,358
18946,270
18947,231
18948,187
18949,170
18950,154
18951,163
18952,160
18953,146
18954,182
18955,234
18956,291
18957,319
18958,348
18959,327
18960,265
18961,207
18962,161
18963,119
18964,97
18965,80
18966,85
18967,157
18968,279
18969,344
18970,349
18971,305
18972,240
18973,234
18974,193
18975,177
18976,157
18977,169
18978,179
18979,228
18980,279
18981,309
18982,331
18983,317
18984,263
18985,198
18986,153
18987,112
18988,85
18989,79
18990,95
18991,132
18992,233
18993,339
18994,335
18995,299
18996,248
18997,210
18998,191
18999,171
19000,156
19001,152
19002,180
19003,235
19004,310
19005,330
19006,371
19007,330
19008,248
19009,196
19010,147
19011,109
19012,78
19013,72
19014,88
19015,208
19016,339
19017,369
19018,278
19019,229
19020,198
19021,166
19022,148
19023,176
19024,141
19025,131
19026,172
19027,240
19028,304
19029,355
19030,394
19031,333
19032,277
19033,201
19034,147
19035,101
19036,79
19037,60
19038,170
19039,593
19040,506
19041,414
19042,341
19043,280
19044,239
19045,221
19046,194
19047,188
19048,158
19049,160
19050,213
19051,257
19052,336
19053,395
19054,408
19055,352
19056,277
19057,211
19058,155
19059,119
19060,89
19061,78
19062,111
19063,207
19064,354
19065,385
19066,289
19067,219
19068,190
19069,175
19070,150
19071,185
19072,152
19073,142
19074,189
19075,248
19076,315
19077,358
19078,417
19079,376
19080,300
19081,216
19082,160
19083,109
19084,91
19085,74
19086,121
19087,204
19088,329
19089,346
19090,266
19091,213
19092,173
19093,168
19094,168
19095,147
19096,150
19097,147
19098,190
19099,247
19100,322
19101,354
19102,383
19103,352
19104,272
19105,209
19106,148
19107,111
19108,84
19109,81
19110,110
19111,197
19112,325
19113,364
19114,530
19115,743
19116,518
19117,353
19118,271
19119,223
19120,217
19121,200
19122,238
19123,276
19124,325
19125,363
19126,375
19127,345
19128,282
19129,222
19130,174
19131,140
19132,108
19133,95
19134,122
19135,184
19136,326
19137,391
19138,378
19139,339
19140,256
19141,222
19142,194
19143,178
19144,183
19145,166
19146,186
19147,236
19148,277
19149,313
19150,342
19151,315
19152,277
19153,245
19154,170
19155,145
19156,119
19157,103
19158,106
19159,156
19160,226
19161,321
19162,313
19163,269
19164,235
19165,215
19166,199
19167,174
19168,169
19169,257
19170,320
19171,350
19172,392
19173,444
19174,681
19175,1067
19176,1022
19177,621
19178,449
19179,349
19180,283
19181,388
19182,481
19183,565
19184,590
19185,514
19186,364
19187,295
19188,277
19189,258
19190,246
19191,285
19192,225
19193,237
19194,311
19195,406
19196,476
19197,532
19198,471
19199,389
19200,315
19201,259
19202,179
19203,137
19204,117
19205,122
19206,162
19207,303
19208,412
19209,401
19210,328
19211,268
19212,224
19213,193
19214,183
19215,202
19216,157
19217,162
19218,201
19219,273
19220,333
19221,382
19222,409
19223,344
19224,289
19225,222
19226,184
19227,127
19228,95
19229,91
19230,115
19231,208
19232,348
19233,379
19234,285
19235,234
19236,197
19237,175
19238,182
19239,162
19240,181
19241,172
19242,224
19243,260
19244,320
19245,399
19246,385
19247,355
19248,289
19249,214
19250,166
19251,114
19252,114
19253,91
19254,117
19255,218
19256,339
19257,357
19258,281
19259,245
19260,194
19261,174
19262,194
19263,170
19264,161
19265,155
19266,204
19267,265
19268,326
19269,370
19270,382
19271,360
19272,291
19273,219
19274,174
19275,119
19276,95
19277,85
19278,110
19279,225
19280,353
19281,382
19282,291
19283,221
19284,189
19285,180
19286,181
19287,160
19288,146
19289,153
19290,187
19291,244
19292,301
19293,403
19294,782
19295,928
19296,700
19297,441
19298,351
19299,328
19300,332
19301,275
19302,302
19303,417
19304,510
19305,539
19306,472
19307,378
19308,301
19309,282
19310,244
19311,225
19312,219
19313,218
19314,223
19315,283
19316,340
19317,354
19318,364
19319,336
19320,279
19321,231
19322,207
19323,146
19324,114
19325,106
19326,119
19327,176
19328,239
19329,309
19330,318
19331,286
19332,268
19333,228
19334,211
19335,191
19336,182
19337,190
19338,227
19339,266
19340,328
19341,388
19342,383
19343,344
19344,296
19345,220
19346,160
19347,115
19348,91
19349,86
19350,129
19351,226
19352,384
19353,418
19354,319
19355,237
19356,221
19357,186
19358,170
19359,165
19360,140
19361,153
19362,198
19363,244
19364,318
19365,369
19366,387
19367,365
19368,304
19369,223
19370,163
19371,108
19372,93
19373,90
19374,121
19375,234
19376,371
19377,392
19378,316
19379,243
19380,186
19381,174
19382,172
19383,158
19384,158
19385,141
19386,175
19387,234
19388,318
19389,373
19390,392
19391,344
19392,288
19393,218
19394,162
19395,115
19396,90
19397,85
19398,123
19399,195
19400,334
19401,367
19402,276
19403,230
19404,182
19405,180
19406,173
19407,159
19408,162
19409,142
19410,174
19411,247
19412,314
19413,364
19414,387
19415,354
19416,292
19417,209
19418,157
19419,115
19420,83
19421,86
19422,106
19423,217
19424,330
19425,347
19426,265
19427,223
19428,197
19429,168
19430,153
19431,162
19432,159
19433,151
19434,202
19435,250
19436,307
19437,366
19438,392
19439,362
19440,281
19441,213
19442,154
19443,112
19444,87
19445,83
19446,125
19447,198
19448,341
19449,378
19450,284
19451,226
19452,185
19453,181
19454,157
19455,148
19456,148
19457,139
19458,200
19459,236
19460,289
19461,318
19462,352
19463,341
19464,276
19465,220
19466,170
19467,133
19468,103
19469,85
19470,94
19471,177
19472,282
19473,358
19474,339
19475,287
19476,229
19477,216
19478,196
19479,180
19480,168
19481,150
19482,183
19483,223
19484,265
19485,325
19486,334
19487,308
19488,263
19489,223
19490,172
19491,125
19492,98
19493,88
19494,92
19495,151
19496,200
19497,288
19498,291
19499,257
19500,217
19501,207
19502,200
19503,170
19504,152
19505,154
19506,174
19507,219
19508,271
19509,329
19510,351
19511,311
19512,270
19513,219
19514,158
19515,111
19516,94
19517,83
19518,90
19519,151
19520,264
19521,353
19522,334
19523,292
19524,241
19525,194
19526,179
19527,161
19528,144
19529,151
19530,179
19531,219
19532,274
19533,319
19534,342
19535,324
19536,271
19537,207
19538,161
19539,126
19540,93
19541,87
19542,90
19543,151
19544,266
19545,316
19546,308
19547,292
19548,230
19549,193
19550,160
19551,157
19552,157
19553,152
19554,188
19555,247
19556,312
19557,353
19558,370
19559,330
19560,282
19561,198
19562,143
19563,122
19564,94
19565,74
19566,93
19567,178
19568,307
19569,347
19570,272
19571,213
19572,192
19573,168
19574,146
19575,151
19576,132
19577,141
19578,179
19579,230
19580,304
19581,361
19582,377
19583,345
19584,277
19585,222
19586,155
19587,108
19588,85
19589,74
19590,99
19591,203
19592,337
19593,353
19594,277
19595,232
19596,182
19597,170
19598,143
19599,169
19600,150
19601,132
19602,179
19603,230
19604,303
19605,350
19606,384
19607,347
19608,282
19609,205
19610,152
19611,105
19612,82
19613,84
19614,104
19615,196
19616,317
19617,332
19618,286
19619,214
19620,193
19621,238
19622,253
19623,236
19624,223
19625,182
19626,203
19627,266
19628,317
19629,358
19630,372
19631,340
19632,296
19633,225
19634,176
19635,123
19636,101
19637,92
19638,122
19639,177
19640,282
19641,392
19642,350
19643,291
19644,227
19645,226
19646,167
19647,162
19648,147
19649,150
19650,181
19651,252
19652,281
19653,312
19654,326
19655,304
19656,276
19657,214
19658,171
19659,115
19660,98
19661,93
19662,92
19663,138
19664,233
19665,338
19666,351
19667,307
19668,271
19669,215
19670,185
19671,170
19672,154
19673,146
19674,172
19675,233
19676,304
19677,371
19678,361
19679,320
19680,276
19681,211
19682,153
19683,108
19684,87
19685,71
19686,100
19687,208
19688,337
19689,376
19690,286
19691,231
19692,194
19693,157
19694,144
19695,162
19696,153
19697,130
19698,177
19699,228
19700,300
19701,337
19702,375
19703,365
19704,289
19705,218
19706,147
19707,105
19708,84
19709,76
19710,99
19711,209
