,‹TŽRŽs,0
0,486,461.41842063492055
1,522,438.32666666666665
2,507,441.30333333333334
3,435,422.1566666666667
4,406,340.41
5,352,305.5233333333333
6,312,269.0733333333333
7,285,277.1387777777778
8,306,255.28666666666666
9,368,259.85
10,435,346.11988888888885
11,500,397.06333333333333
12,588,481.85333333333335
13,607,547.1331111111111
14,592,545.1188095238094
15,515,498.61677777777766
16,421,373.6533333333333
17,323,280.23333333333335
18,208,196.19333333333333
19,162,160.99444444444444
20,151,148.97333333333333
21,152,171.51666666666668
22,232,265.73
23,354,366.51
24,511,417.37916666666666
25,627,446.39
26,602,408.7393333333333
27,528,417.5733333333333
28,491,374.9725
29,427,319.15
30,377,304.3
31,330,272.6122222222222
32,316,272.3933333333333
33,383,313.56333333333333
34,442,347.68
35,502,438.25666666666666
36,597,487.24333333333334
37,605,535.2533333333333
38,576,491.76666666666665
39,494,437.3566666666667
40,402,374.64666666666665
41,284,279.1533333333333
42,201,216.2461111111111
43,168,170.565
44,130,145.80333333333334
45,142,188.98
46,190,349.1066666666667
47,280,420.7366666666667
48,405,452.40611111111116
49,453,434.17333333333335
50,451,452.7366666666667
51,410,374.53
52,392,356.95
53,354,298.14
54,340,276.75
55,272,267.67333333333335
56,302,258.77666666666664
57,323,313.94666666666666
58,436,356.21
59,511,484.71
60,552,452.09
61,593,604.1433333333333
62,550,506.13
63,488,497.3852222222222
64,406,443.79
65,280,344.7366666666667
66,207,418.05
67,180,367.7
68,179,285.31666666666666
69,166,303.93
70,203,324.67
71,321,419.4431666666666
72,446,448.83
73,470,475.33
74,459,438.23333333333335
75,446,387.71
76,432,347.5566666666667
77,370,302.62666666666667
78,336,275.75333333333333
79,306,261.94
80,316,249.49666666666667
81,388,315.55333333333334
82,453,360.2491865079365
83,524,396.51
84,583,513.0433333333333
85,630,550.5933333333334
86,598,547.138888888889
87,506,467.43333333333334
88,413,418.2266666666667
89,311,294.37333333333333
90,205,200.3
91,154,174.95666666666668
92,148,157.75333333333333
93,136,170.21333333333334
94,196,291.6433333333333
95,346,357.13666666666666
96,504,424.6501111111111
97,576,476.47333333333336
98,629,419.6058333333333
99,519,383.07
100,475,356.81788888888894
101,424,331.647156084656
102,352,268.74666666666667
103,309,262.53
104,305,271.8
105,352,303.49333333333334
106,459,404.3233333333333
107,496,433.3
108,575,538.12
109,612,587.7133333333334
110,564,517.16
111,495,517.18
112,396,366.3911111111111
113,292,319.84
114,201,252.17
115,150,235.84
116,144,233.80666666666667
117,141,207.07333333333332
118,174,350.49
119,239,368.07444444444445
120,347,437.3466666666667
121,414,451.9433333333333
122,394,427.28333333333336
123,395,373.6333333333333
124,383,338.25
125,336,418.85333333333335
126,295,368.82666666666665
127,286,326.74333333333334
128,320,271.90833333333336
129,373,352.47
130,467,359.1433333333333
131,526,453.28
132,583,552.5366666666666
133,645,539.6166666666667
134,577,519.6033333333334
135,502,486.48
136,400,405.08
137,290,302.36333333333334
138,193,210.82666666666665
139,169,174.92555555555555
140,137,150.89666666666668
141,153,170.57666666666665
142,248,259.7966666666667
143,393,325.43
144,485,466.55333333333334
145,514,487.6166666666667
146,521,477.47333333333336
147,462,404.9866666666667
148,420,354.797
149,400,363.9633333333333
150,320,300.4266666666667
151,288,264.08
152,300,295.24666666666667
153,360,319.79333333333335
154,421,344.875
155,523,462.82555555555564
156,599,485.33666666666664
157,658,528.1466666666666
158,606,547.1533333333333
159,530,520.8533333333334
160,409,385.5103095238095
161,316,305.48833333333334
162,202,190.91666666666666
163,158,158.83
164,142,147.42666666666668
165,149,157.22
166,261,251.74333333333334
167,384,348.66
168,450,497.4816666666667
169,509,457.6522222222222
170,483,477.24666666666667
171,425,386.9433333333333
172,399,323.07666666666665
173,322,314.28
174,308,274.3128571428571
175,254,308.96
176,293,268.2974206349206
177,319,321.31666666666666
178,432,391.89
179,484,459.16333333333336
180,585,532.5733333333334
181,648,632.1633333333333
182,578,547.4466666666667
183,506,497.13
184,429,384.25
185,294,310.1666666666667
186,210,191.45666666666668
187,162,185.14330158730158
188,148,166.75844444444445
189,135,182.33
190,195,275.82
191,286,410.09
192,385,452.6333333333333
193,438,430.10333333333335
194,442,436.9655555555556
195,431,387.43388888888893
196,399,360.88666666666666
197,349,321.2266666666667
198,312,296.35222222222217
199,285,280.54111111111115
200,324,274.8833333333333
201,348,373.47333333333336
202,435,482.5417777777777
203,512,414.24
204,572,546.9266666666666
205,617,592.6866666666666
206,579,526.5433333333333
207,478,458.485
208,405,399.3666666666667
209,300,303.75333333333333
210,191,189.63666666666666
211,155,229.58722222222224
212,135,177.95666666666668
213,150,199.37666666666667
214,155,274.22333333333336
215,229,367.88533333333334
216,336,412.49
217,413,436.9
218,435,410.9266666666667
219,420,357.6166666666667
220,417,377.59
221,384,345.18333333333334
222,303,301.965
223,282,282.36333333333334
224,293,267.17
225,369,324.02666666666664
226,447,391.30333333333334
227,565,420.51666666666665
228,655,598.4866666666667
229,701,569.0966666666667
230,638,547.6366666666667
231,538,490.44666666666666
232,409,408.65777777777777
233,325,293.19666666666666
234,207,196.88666666666666
235,153,175.94
236,148,144.26066666666665
237,164,157.7
238,287,288.7733333333333
239,431,324.6333333333333
240,489,427.3566666666667
241,575,439.5733333333333
242,494,472.75333333333333
243,446,398.3466666666667
244,408,357.3
245,333,307.4633333333333
246,317,273.7633333333333
247,284,241.61
248,280,250.86666666666667
249,346,290.65
250,450,352.49
251,502,419.85333333333335
252,607,511.39666666666665
253,659,589.8233333333334
254,610,557.1
255,543,510.36
256,407,416.22333333333336
257,317,292.03333333333336
258,213,203.84088888888888
259,152,173.09333333333333
260,141,161.16944444444442
261,170,178.95
262,292,268.77
263,420,367.22
264,479,464.37083333333334
265,503,509.87666666666667
266,491,466.87765873015877
267,414,398.12666666666667
268,377,333.2511666666667
269,344,309.52666666666664
270,284,283.25
271,274,263.13666666666666
272,272,277.38666666666666
273,322,309.1533333333333
274,444,338.29
275,523,458.08666666666664
276,610,495.30333333333334
277,648,552.0666666666667
278,632,498.56
279,528,477.3944444444444
280,419,364.79
281,318,309.71
282,206,201.41
283,158,168.40183333333334
284,138,154.525
285,158,161.90333333333334
286,270,279.2733333333333
287,415,400.86
288,466,465.76166666666666
289,498,484.11333333333334
290,459,430.86588888888883
291,399,415.01
292,380,378.54833333333335
293,315,335.2366666666667
294,306,315.07
295,267,276.91333333333336
296,254,289.58
297,334,301.05
298,425,386.7366666666667
299,497,452.7866666666667
300,604,575.7533333333333
301,673,650.1025
302,603,524.5766666666667
303,540,561.8633333333333
304,428,391.86333333333334
305,306,263.73333333333335
306,206,205.75288888888895
307,155,153.94
308,144,155.64333333333335
309,177,176.76333333333332
310,284,267.68333333333334
311,464,359.64
312,474,449.8833333333333
313,487,443.2025
314,488,454.74
315,423,404.6933333333333
316,382,392.68333333333334
317,305,303.74
318,285,264.6
319,253,238.42
320,268,244.03
321,318,289.0466666666667
322,445,365.59
323,521,455.90911111111114
324,572,546.73
325,637,622.06
326,623,521.0333333333333
327,524,488.2033333333333
328,406,373.72333333333336
329,308,282.18666666666667
330,186,194.55
331,162,180.34666666666666
332,126,169.0666666666666
333,170,179.58333333333334
334,274,277.9033333333333
335,387,382.18666666666667
336,458,494.92333333333335
337,462,512.0366666666666
338,471,464.1722222222222
339,387,392.71666666666664
340,329,332.93
341,303,322.86888888888893
342,249,279.14
343,245,253.93333333333334
344,272,332.3333333333333
345,338,291.23
346,393,317.26666666666665
347,479,449.32666666666665
348,535,459.81166666666667
349,601,622.2666666666667
350,559,538.05
351,524,438.92333333333335
352,443,382.12666666666667
353,354,471.77666666666664
354,272,370.9066666666667
355,255,175.75
356,240,227.57111111111115
357,347,217.21
358,425,280.98
359,494,356.51444444444445
360,543,572.0366666666666
361,661,538.3666666666667
362,706,565.62
363,674,530.49
364,607,458.52
365,581,386.05333333333334
366,591,300.32
367,507,290.72333333333336
368,479,293.8233333333333
369,503,296.24333333333334
370,557,353.55
371,586,441.91
372,654,454.9166666666667
373,688,559.43
374,640,510.11333333333334
375,569,462.18
376,472,368.81666666666666
377,358,291.21666666666664
378,273,199.05666666666667
379,202,180.4738888888889
380,184,131.26166666666666
381,191,180.55666666666667
382,258,307.9766666666667
383,367,364.01111111111106
384,504,423.2133333333333
385,564,423.82666666666665
386,560,464.0733333333333
387,515,373.47333333333336
388,483,330.56333333333333
389,430,305.25222222222226
390,354,274.81333333333333
391,334,260.93666666666667
392,323,263.21666666666664
393,395,292.05
394,458,323.37
395,534,402.3
396,620,532.73
397,678,624.31
398,630,538.83
399,538,452.94666666666666
400,419,369.8477777777778
401,329,289.67
402,215,195.79777777777778
403,156,194.43333333333334
404,151,151.76333333333332
405,189,173.31333333333333
406,290,254.87
407,393,392.99
408,457,417.37916666666666
409,501,397.36
410,453,387.43
411,403,331.9166666666667
412,354,327.3833333333333
413,299,305.47333333333336
414,272,321.04
415,268,338.7266666666667
416,272,323.4533333333333
417,384,383.6666666666667
418,498,459.88666666666666
419,618,483.84
420,837,606.55
421,916,728.7466666666667
422,891,684.1033333333334
423,880,686.32
424,847,514.6066666666667
425,851,463.5733333333333
426,867,369.93666666666667
427,732,360.85333333333335
428,607,184.08
429,561,198.3
430,584,292.1666666666667
431,594,421.8238888888888
432,593,404.37
433,608,421.47333333333336
434,583,409.5933333333333
435,515,357.0566666666667
436,472,307.355
437,431,299.1166666666667
438,376,292.13
439,350,292.05066666666664
440,348,273.5933333333333
441,410,287.9
442,511,331.8666666666667
443,577,419.43
444,676,532.0833333333334
445,709,511.98333333333335
446,665,483.6566666666667
447,583,453.8433333333333
448,468,383.6166666666667
449,374,305.5733333333333
450,260,202.24
451,187,170.7377777777778
452,183,147.43590476190477
453,221,152.10333333333332
454,352,278.34
455,485,390.4866666666667
456,549,435.1766666666667
457,538,496.44888888888886
458,487,483.89
459,456,394.2966666666667
460,402,376.5168333333334
461,332,327.65644444444445
462,295,318.8933333333333
463,297,300.41333333333336
464,271,282.69
465,336,346.00666666666666
466,456,384.35333333333335
467,527,423.84
468,619,521.8033333333333
469,672,569.7206666666667
470,632,566.9566666666667
471,553,462.3
472,437,395.67
473,336,293.3408333333333
474,225,209.48666666666668
475,170,159.9903888888889
476,162,155.30777777777777
477,172,157.64
478,346,280.77
479,439,431.82
480,469,467.7733333333333
481,500,462.51666666666665
482,466,438.85622222222224
483,409,403.6805555555556
484,366,353.86111111111114
485,319,313.2675555555555
486,284,273.75666666666666
487,267,294.6888888888889
488,318,282.69
489,337,350.14
490,421,344.86
491,526,412.54333333333335
492,598,452.09
493,646,620.5933333333334
494,648,561.56
495,539,465.0233333333333
496,453,360.1
497,371,265.0833333333333
498,232,202.11556349206353
499,168,153.58777777777777
500,163,151.17
501,174,167.37
502,288,277.50333333333333
503,442,395.76
504,472,476.81733333333335
505,474,444.9072222222222
506,450,435.025
507,404,380.39666666666665
508,371,352.41333333333336
509,308,298.3666666666667
510,313,293.86333333333334
511,301,270.0833333333333
512,261,263.31666666666666
513,318,259.08666666666664
514,406,324.31666666666666
515,476,381.56666666666666
516,576,520.54
517,640,587.3233333333334
518,593,561.0033333333333
519,540,462.9773333333334
520,436,384.474
521,321,309.0566666666667
522,228,180.83666666666667
523,164,179.60305555555556
524,157,172.59916666666666
525,173,184.64333333333335
526,219,287.36333333333334
527,327,325.2133333333333
528,451,399.2403333333333
529,503,427.85333333333335
530,515,412.9033333333333
531,460,351.44666666666666
532,434,331.77666666666664
533,413,308.5
534,328,268.8433333333333
535,295,248.16
536,302,252.09666666666666
537,327,365.9
538,421,348.04594444444444
539,504,402.14666666666665
540,565,489.68666666666667
541,611,647.7166666666667
542,597,526.7211111111111
543,498,442.93666666666667
544,413,387.4791666666667
545,314,352.0966666666667
546,207,217.57333333333332
547,175,177.03666666666666
548,155,152.55
549,130,172.13666666666666
550,183,286.05333333333334
551,283,357.06333333333333
552,437,397.07716666666664
553,484,418.6433333333333
554,495,398.2266666666667
555,450,351.8566666666667
556,430,329.7966666666667
557,396,302.02666666666664
558,320,269.5733333333333
559,279,254.8
560,315,261.9
561,358,333.9033333333333
562,461,331.71329894179894
563,542,415.64666666666665
564,602,527.38
565,653,652.06
566,606,564.6633333333333
567,509,455.44555555555553
568,404,381.105
569,302,286.95666666666665
570,209,207.95333333333335
571,175,153.42916666666667
572,159,144.33333333333334
573,164,205.18666666666667
574,292,309.50666666666666
575,457,403.426
576,492,408.1
577,522,427.21
578,484,403.83
579,413,380.53
580,388,342.8333333333333
581,298,288.51
582,270,298.4266666666667
583,269,273.9
584,331,294.92
585,335,301.07666666666665
586,429,369.6933333333333
587,513,393.92
588,609,471.43333333333334
589,654,544.8833333333333
590,608,538.938888888889
591,537,529.1366666666667
592,441,387.2486666666667
593,317,290.78
594,208,213.24577777777776
595,162,164.29333333333332
596,150,149.83
597,179,170.97
598,271,307.20666666666665
599,387,430.9886666666665
600,435,428.9033333333333
601,441,451.23333333333335
602,425,415.81333333333333
603,388,387.0466666666667
604,348,427.17
605,305,419.2633333333333
606,315,575.6966666666667
607,273,347.04
608,261,355.10333333333335
609,343,335.6144444444444
610,436,431.0966666666667
611,508,484.4033333333333
612,631,512.9233333333333
613,652,561.04
614,596,528.0536111111112
615,532,455.64
616,409,413.6062222222223
617,297,285.6333333333333
618,221,204.76222222222222
619,164,181.689
620,145,173.08
621,178,189.19666666666666
622,306,322.4066666666667
623,439,398.92
624,481,409.55333333333334
625,481,419.04
626,450,447.16
627,398,382.02
628,383,354.57666666666665
629,320,307.83933333333334
630,284,282.54
631,277,268.8075555555556
632,279,287.56333333333333
633,315,307.54333333333335
634,433,339.10333333333335
635,536,430.6433333333333
636,594,523.3833333333333
637,661,507.67
638,645,535.4433333333334
639,543,477.5566666666667
640,429,379.30333333333334
641,314,283.35333333333335
642,188,202.13666666666666
643,165,172.17194444444445
644,126,140.90666666666667
645,191,168.5
646,315,292.1433333333333
647,453,471.96666666666664
648,490,453.97333333333336
649,552,461.0975
650,491,462.6577777777778
651,422,417.5133333333333
652,386,371.38166666666666
653,337,301.1666666666667
654,293,266.57
655,286,241.60666666666665
656,273,249.76333333333332
657,326,282.93
658,409,378.00666666666666
659,488,415.9633333333333
660,573,521.7
661,647,604.4133333333333
662,635,518.7766666666666
663,532,469.27
664,416,395.75333333333333
665,315,301.4316666666667
666,207,213.32333333333332
667,159,166.92944444444444
668,146,147.01
669,170,178.27333333333334
670,333,271.5466666666667
671,475,353.01
672,500,452.84611111111116
673,509,466.68666666666667
674,483,469.7366666666667
675,416,417.3566666666667
676,402,379.19
677,312,301.0466666666667
678,298,252.93333333333334
679,310,241.53666666666666
680,276,243.72333333333333
681,333,312.96666666666664
682,379,338.00333333333333
683,466,402.8833333333333
684,557,528.8233333333334
685,610,678.5266666666666
686,577,544.8366666666667
687,515,437.73333333333335
688,433,365.0966666666667
689,332,269.77666666666664
690,224,204.98666666666668
691,170,160.68650000000002
692,137,145.94777777777776
693,162,202.73
694,214,303.5566666666667
695,366,416.7333888888889
696,480,405.63
697,534,437.81
698,535,443.05333333333334
699,490,382.02
700,465,337.01666666666665
701,380,288.5516666666667
702,309,290.575119047619
703,291,271.60333333333335
704,283,282.8666666666667
705,355,325.31666666666666
706,410,348.91
707,453,419.23333333333335
708,523,464.2094444444444
709,569,529.4533333333334
710,565,507.21
711,507,518.6366666666667
712,422,452.1163492063491
713,331,305.64
714,216,217.9711111111111
715,162,180.81566666666663
716,146,171.22
717,131,234.07666666666665
718,152,323.92
719,252,360.6206666666666
720,364,423.206
721,446,450.88666666666666
722,443,435.5233333333333
723,406,377.44666666666666
724,402,326.4766666666667
725,348,299.49888888888887
726,326,276.89666666666665
727,289,252.04666666666665
728,296,250.69666666666666
729,341,274.1666666666667
730,430,377.62
731,532,408.33
732,598,501.14
733,682,544.0333333333333
734,639,543.4588888888889
735,538,521.4066666666666
736,437,405.12
737,336,340.09
738,218,205.18
739,167,178.99666666666667
740,161,163.12
741,176,199.35666666666665
742,314,296.12333333333333
743,430,336.97
744,461,414.93666666666667
745,452,419.93333333333334
746,411,410.47
747,372,368.0966666666667
748,338,329.14666666666665
749,323,313.1533333333333
750,282,268.31666666666666
751,280,279.12666666666667
752,295,272.52
753,334,304.51
754,434,352.18
755,525,430.8233333333333
756,629,506.1
757,705,542.6533333333333
758,619,512.6733333333333
759,542,460.7
760,403,358.32177777777775
761,312,274.53333333333336
762,205,214.20333333333335
763,145,190.88194444444446
764,143,149.12333333333333
765,211,223.51333333333332
766,325,297.4433333333333
767,445,394.1866111111111
768,482,399.63166666666666
769,496,403.2266666666667
770,464,427.43333333333334
771,400,359.2966666666667
772,368,333.4185
773,309,331.51666666666665
774,287,273.03
775,279,276.9533333333333
776,275,343.2966666666667
777,363,338.98
778,423,400.62399999999997
779,506,496.30333333333334
780,628,509.7133333333333
781,668,571.97
782,617,553.4522222222223
783,524,460.39666666666665
784,400,373.6666666666667
785,295,323.66333333333336
786,207,191.4
787,160,189.59666666666666
788,148,162.37
789,193,228.13666666666666
790,327,294.94466666666665
791,453,358.00333333333333
792,515,448.9433333333333
793,509,467.0733333333333
794,459,399.8618333333333
795,392,414.4066666666667
796,343,325.52
797,313,316.83
798,279,297.8
799,265,269.68666666666667
800,315,274.2733333333333
801,321,339.4633333333333
802,429,359.1544444444445
803,508,421.5933333333333
804,624,587.69
805,673,572.36
806,608,509.81
807,532,535.1033333333334
808,405,392.7777777777778
809,291,298.1604285714286
810,218,201.82111111111112
811,165,170.58666666666667
812,143,164.15666666666667
813,182,204.60666666666665
814,323,297.5313333333333
815,441,353.87666666666667
816,462,422.54333333333335
817,466,437.05
818,434,450.21416666666664
819,370,353.9866666666667
820,339,299.53
821,318,345.4066666666667
822,304,258.8466666666667
823,295,279.1
824,314,259.6166666666667
825,321,283.98333333333335
826,405,387.11
827,515,462.12333333333333
828,596,503.5466666666667
829,649,606.8866666666667
830,633,514.3233333333334
831,525,458.94166666666666
832,406,385.19083333333333
833,309,287.36
834,207,205.43333333333334
835,182,173.71
836,150,155.70333333333335
837,195,217.52022222222223
838,325,318.12466666666666
839,466,348.43666666666667
840,505,462.5877777777777
841,501,448.14888888888896
842,463,443.2033333333333
843,408,391.1
844,361,354.4633333333333
845,325,324.50666666666666
846,295,351.56772222222224
847,296,257.58
848,299,278.9913888888889
849,331,318.0733333333333
850,441,383.24333333333334
851,487,476.37
852,555,541.418888888889
853,625,565.1966666666667
854,582,521.6066666666667
855,505,473.99666666666667
856,423,377.57666666666665
857,313,269.0233333333333
858,191,221.35244444444444
859,165,157.04416666666665
860,142,166.82333333333332
861,155,154.95
862,226,243.73666666666668
863,357,363.78333333333336
864,465,413.90460317460315
865,570,416.60333333333335
866,517,392.83683333333335
867,440,382.11333333333334
868,414,327.81
869,350,342.19666666666666
870,321,285.83
871,281,282.5833333333333
872,272,271.6933333333333
873,328,314.17
874,399,366.52
875,451,443.5
876,524,440.65
877,583,464.32666666666665
878,545,516.2666666666667
879,498,456.0893333333333
880,414,360.11311111111104
881,302,299.53
882,215,217.82
883,155,177.01133333333334
884,141,148.48
885,144,166.17
886,210,275.9633333333333
887,326,395.0908333333333
888,474,424.5288888888889
889,520,461.06666666666666
890,539,403.41333333333336
891,465,413.87
892,434,352.43
893,417,320.4291666666667
894,358,294.94
895,279,246.02666666666667
896,304,285.0855555555556
897,330,293.47333333333336
898,449,365.74666666666667
899,511,502.74
900,575,469.12
901,664,572.5866666666667
902,620,524.9533333333334
903,494,455.69666666666666
904,418,360.50666666666666
905,304,286.29
906,207,204.227
907,159,155.11
908,139,146.57666666666665
909,184,164.51166666666666
910,306,324.44
911,451,396.96777777777777
912,472,465.44
913,490,433.26
914,470,431.2133333333333
915,393,336.41
916,366,326.27666666666664
917,343,345.69666666666666
918,308,482.3066666666667
919,278,279.62
920,291,290.6933333333333
921,325,328.3433333333333
922,423,346.8933333333333
923,507,402.24333333333334
924,651,511.3666666666667
925,689,535.6233333333333
926,607,531.181111111111
927,525,485.3183333333333
928,384,366.23133333333334
929,294,359.452
930,191,195.5077777777778
931,148,159.69916666666666
932,159,162.35
933,204,227.17
934,331,340.61333333333334
935,467,377.79333333333335
936,491,452.23
937,513,420.08
938,483,418.96
939,445,362.58
940,410,300.39666666666665
941,324,319.08
942,304,345.4633333333333
943,298,284.94
944,292,290.6933333333333
945,390,330.79
946,478,398.0133333333333
947,513,391.5466666666667
948,603,566.4
949,670,617.48
950,622,545.5166666666667
951,516,470.9766666666667
952,422,378.38444444444445
953,320,321.3616666666667
954,176,220.30666666666667
955,156,154.43333333333334
956,128,166.09666666666666
957,185,164.31333333333333
958,335,317.6166666666667
959,450,439.1361111111111
960,428,439.56666666666666
961,477,457.18666666666667
962,369,460.88
963,361,362.1166666666667
964,319,378.20666666666665
965,315,395.57666666666665
966,304,345.17
967,324,372.8566666666667
968,289,325.47333333333336
969,340,344.9166666666667
970,442,433.3833333333333
971,539,493.62
972,658,540.27
973,765,556.8966666666666
974,670,546.7633333333333
975,547,470.928
976,422,347.3842857142857
977,321,349.19444444444446
978,218,209.44
979,168,163.21933333333334
980,152,192.64666666666668
981,198,218.44333333333333
982,325,225.90333333333334
983,433,371.93333333333334
984,462,478.17333333333335
985,453,586.8333333333334
986,430,567.5666666666667
987,378,420.63666666666666
988,331,390.52666666666664
989,366,408.99
990,368,402.2133333333333
991,354,381.1666666666667
992,342,379.99333333333334
993,431,366.64
994,608,483.4633333333333
995,743,477.73
996,824,625.6934444444444
997,824,593.615
998,737,548.9333333333333
999,615,461.81333333333333
1000,493,370.02044444444437
1001,342,283.1238888888889
1002,276,209.5966666666667
1003,203,202.49444444444444
1004,183,170.13666666666666
1005,233,231.93333333333334
1006,330,273.06
1007,457,276.4
1008,466,462.14666666666665
1009,470,474.01666666666665
1010,448,494.05333333333334
1011,407,430.05
1012,367,361.9866666666667
1013,322,331.7366666666667
1014,298,284.3
1015,294,301.68333333333334
1016,302,283.0783333333333
1017,382,297.85333333333335
1018,435,372.49
1019,496,531.4966666666667
1020,585,490.98716666666667
1021,644,618.5316666666666
1022,602,562.8833333333333
1023,547,472.66833333333335
1024,427,417.54333333333335
1025,310,312.11022222222226
1026,223,213.185
1027,174,183.0143333333333
1028,150,162.7661111111111
1029,164,190.66266666666664
1030,237,299.12333333333333
1031,340,373.61
1032,431,430.45666666666665
1033,482,468.5733333333333
1034,478,499.0933333333333
1035,441,440.06
1036,408,380.1166666666667
1037,373,304.06666666666666
1038,325,345.91083333333336
1039,302,375.52666666666664
1040,355,421.43
1041,456,356.5833333333333
1042,496,385.36333333333334
1043,541,434.08111111111117
1044,691,490.77166666666665
1045,838,596.1416666666667
1046,822,593.7366666666667
1047,736,506.0643333333333
1048,613,417.24666666666667
1049,691,552.1533333333333
1050,594,324.7866666666667
1051,418,243.85333333333332
1052,315,253.89333333333335
1053,327,219.81333333333333
1054,399,272.8338333333333
1055,461,352.3666666666667
1056,532,455.97
1057,577,461.28
1058,552,457.2391666666667
1059,515,417.1566666666667
1060,488,337.58
1061,463,317.44
1062,374,412.8933333333333
1063,359,380.68333333333334
1064,356,476.3066666666667
1065,443,484.27666666666664
1066,549,384.25666666666666
1067,584,456.74222222222227
1068,671,538.6252222222223
1069,719,656.1433333333333
1070,636,575.9606944444444
1071,549,485.1566666666667
1072,447,377.23
1073,331,425.67
1074,223,197.6313650793651
1075,178,161.95666666666668
1076,173,152.00666666666666
1077,231,200.49142857142857
1078,345,280.27666666666664
1079,491,378.06333333333333
1080,533,408.52222222222224
1081,546,440.8233333333333
1082,504,447.2140555555556
1083,441,411.10333333333335
1084,410,364.98266666666666
1085,381,319.12
1086,350,288.0908333333333
1087,296,263.7033333333333
1088,307,281.12
1089,343,295.6433333333333
1090,462,387.1666666666667
1091,528,419.37666666666667
1092,659,500.7544444444444
1093,701,516.4833333333333
1094,651,533.9911111111112
1095,549,478.18666666666667
1096,447,382.9
1097,331,273.54333333333335
1098,232,213.18333333333334
1099,165,168.85288888888888
1100,160,165.5
1101,204,204.18
1102,333,302.2133333333333
1103,452,375.395
1104,494,433.06333333333333
1105,494,441.4866666666667
1106,453,459.4677777777778
1107,406,399.11333333333334
1108,357,355.5933333333333
1109,332,338.4266666666667
1110,360,273.49666666666667
1111,283,272.53333333333336
1112,287,279.2133333333333
1113,331,304.5733333333333
1114,415,353.2
1115,543,431.0755555555556
1116,617,436.25333333333333
1117,685,493.3
1118,631,543.63
1119,530,476.1522222222223
1120,421,390.3333333333333
1121,311,300.28333333333336
1122,201,207.95333333333335
1123,182,181.46333333333334
1124,159,170.68666666666667
1125,180,174.98666666666668
1126,331,301.04333333333335
1127,479,402.6766666666667
1128,547,404.3566666666667
1129,527,463.68565079365084
1130,485,405.4866666666667
1131,412,387.75333333333333
1132,389,327.1666666666667
1133,314,323.62
1134,328,303.43666666666667
1135,300,268.6533333333333
1136,294,293.33666666666664
1137,346,307.8466666666667
1138,433,374.8333333333333
1139,508,388.28333333333336
1140,635,484.1458333333333
1141,664,638.7766666666666
1142,634,563.75
1143,527,486.66
1144,424,397.85
1145,298,307.601
1146,201,204.09088888888888
1147,172,169.81666666666666
1148,133,165.08333333333334
1149,181,225.15
1150,335,288.65
1151,426,409.03711111111113
1152,435,398.71611111111116
1153,435,400.6
1154,416,435.8466666666667
1155,381,531.6866666666666
1156,385,468.94666666666666
1157,395,417.4433333333333
1158,388,336.11333333333334
1159,404,393.5133333333333
1160,550,365.4266666666667
1161,612,400.61333333333334
1162,684,467.41
1163,921,476.89666666666665
1164,1079,628.4
1165,1051,555.4366666666666
1166,950,642.9966666666667
1167,827,670.7833333333333
1168,785,548.5666666666667
1169,911,500.8466666666667
1170,959,399.2633333333333
1171,995,391.87333333333333
1172,1057,378.9633333333333
1173,956,290.57666666666665
1174,993,292.68
1175,986,378.74466666666666
1176,920,484.22333333333336
1177,825,446.69
1178,741,443.3233333333333
1179,659,419.93
1180,618,356.07
1181,584,366.1933333333333
1182,553,293.0233333333333
1183,498,271.5733333333333
1184,472,274.6433333333333
1185,511,299.42
1186,555,349.9066666666667
1187,620,454.29
1188,707,467.9155555555556
1189,728,538.55
1190,668,512.9733333333334
1191,612,471.55
1192,505,406.67533333333336
1193,417,271.62
1194,318,241.85666666666665
1195,237,192.86249999999998
1196,225,153.45666666666668
1197,249,186.3618888888889
1198,352,250.41666666666666
1199,476,391.10023809523807
1200,569,431.0966666666667
1201,618,440.2633333333333
1202,594,430.2733333333333
1203,537,345.19666666666666
1204,475,341.2216666666667
1205,422,290.41333333333336
1206,354,297.7
1207,363,247.73666666666668
1208,343,304.76666666666665
1209,364,319.0966666666667
1210,428,354.57
1211,504,413.3233333333333
1212,592,505.12
1213,651,570.7733333333333
1214,605,533.9166666666666
1215,547,460.855
1216,440,388.09
1217,365,323.6933333333333
1218,267,217.39666666666668
1219,203,174.27972222222218
1220,172,156.81583333333333
1221,180,184.54
1222,232,316.94
1223,342,422.9149444444444
1224,475,410.9633333333333
1225,526,408.61
1226,549,422.86
1227,502,359.6
1228,468,336.5833333333333
1229,414,302.87666666666667
1230,353,289.61
1231,310,264.99666666666667
1232,318,287.7133333333333
1233,381,299.73333333333335
1234,467,441.5966666666667
1235,543,471.06333333333333
1236,643,490.5633968253968
1237,677,525.26
1238,632,516.22
1239,523,434.358873015873
1240,417,391.00333333333333
1241,310,304.45
1242,230,240.93
1243,156,167.7638888888889
1244,157,157.04333333333332
1245,190,185.10333333333332
1246,309,255.73666666666668
1247,429,380.70383333333325
1248,453,427.10333333333335
1249,457,397.02666666666664
1250,455,420.11
1251,395,359.70666666666665
1252,348,351.99333333333334
1253,320,315.93
1254,296,296.26666666666665
1255,280,263.59
1256,330,293.21666666666664
1257,377,333.12666666666667
1258,432,357.92
1259,537,426.7733333333333
1260,640,490.7797857142857
1261,684,542.9966666666667
1262,649,515.5433333333333
1263,521,464.72833333333335
1264,433,387.47444444444443
1265,326,282.87333333333333
1266,223,216.67
1267,181,199.45405555555547
1268,153,160.64666666666668
1269,189,172.78033333333332
1270,340,259.78333333333336
1271,484,380.7911111111111
1272,508,445.64666666666665
1273,521,445.47333333333336
1274,454,432.44750000000005
1275,412,381.75666666666666
1276,376,347.1066666666667
1277,333,338.58666666666664
1278,346,295.37
1279,277,269.68666666666667
1280,275,289.91
1281,337,334.87333333333333
1282,419,369.30333333333334
1283,541,419.8066666666667
1284,659,514.3675000000001
1285,677,550.34
1286,629,520.8466666666667
1287,528,464.5713333333333
1288,432,433.9766666666667
1289,301,288.3777777777778
1290,211,211.34333333333336
1291,170,179.02309523809524
1292,154,157.735
1293,198,185.14
1294,321,296.44466666666665
1295,467,367.4144444444444
1296,520,409.5
1297,494,386.72333333333336
1298,469,403.00333333333333
1299,419,384.3933333333333
1300,382,326.07
1301,340,306.93666666666667
1302,306,327.41333333333336
1303,317,299.45
1304,308,277.9266666666667
1305,310,294.81
1306,414,387.68
1307,536,454.19
1308,631,525.4636481481481
1309,687,546.1533333333333
1310,629,534.38
1311,541,479.49
1312,456,371.5933333333333
1313,390,294.1
1314,262,221.14
1315,179,191.57333333333332
1316,167,157.00333333333333
1317,217,187.76
1318,346,293.67333333333335
1319,441,388.58
1320,473,450.6166666666667
1321,467,439.00333333333333
1322,436,492.45
1323,392,424.70666666666665
1324,377,391.09
1325,353,348.2033333333333
1326,311,274.91333333333336
1327,301,278.8333333333333
1328,288,267.0061111111111
1329,361,315.37138888888893
1330,442,337.00333333333333
1331,547,431.36555555555555
1332,654,506.555
1333,696,559.74
1334,623,685.0033333333333
1335,541,468.9533333333333
1336,416,384.7833333333333
1337,318,297.87111111111113
1338,226,246.48333333333332
1339,171,178.52966666666669
1340,155,162.29
1341,176,205.17
1342,340,305.853
1343,426,380.435
1344,471,400.28333333333336
1345,480,437.215
1346,443,437.83166666666665
1347,402,354.5833333333333
1348,370,387.7366666666667
1349,352,519.8533333333334
1350,350,449.18333333333334
1351,314,389.1533333333333
1352,283,275.6630555555555
1353,340,297.4066666666667
1354,435,357.8566666666667
1355,504,416.86555555555555
1356,582,522.8483888888888
1357,644,652.3566666666667
1358,597,540.6833333333333
1359,539,482.5966666666667
1360,426,425.3208333333333
1361,332,280.61
1362,227,228.46722222222218
1363,167,163.04
1364,168,148.10333333333332
1365,168,189.17333333333335
1366,265,296.56666666666666
1367,391,381.7033333333333
1368,476,409.24333333333334
1369,557,457.6566666666667
1370,553,463.28861111111115
1371,476,396.64
1372,441,355.38666666666666
1373,407,319.12
1374,336,312.1549444444444
1375,299,250.032126984127
1376,299,276.32
1377,350,302.06666666666666
1378,395,382.31333333333333
1379,460,439.9722222222223
1380,554,506.79
1381,613,619.2733333333333
1382,576,556.0677777777778
1383,498,559.6466666666666
1384,418,540.0433333333333
1385,320,489.47
1386,247,539.6166666666667
1387,214,365.6566666666667
1388,187,317.28333333333336
1389,199,332.87333333333333
1390,304,386.27666666666664
1391,381,408.81666666666666
1392,456,458.1666666666667
1393,497,440.0366666666667
1394,551,407.05
1395,476,356.7033333333333
1396,437,309.87666666666667
1397,401,326.3433333333333
1398,340,345.4633333333333
1399,336,277.27666666666664
1400,329,304.08666666666664
1401,364,309.35
1402,441,387.1433333333333
1403,536,455.69
1404,643,451.8455555555555
1405,656,481.6933333333333
1406,646,511.9766666666667
1407,531,459.30828571428566
1408,419,363.55622222222235
1409,336,279.03
1410,209,235.09
1411,167,191.39038888888888
1412,160,163.02666666666667
1413,196,170.7902222222222
1414,364,275.49333333333334
1415,485,410.6983333333333
1416,533,414.09238095238095
1417,545,427.01
1418,500,427.4857222222222
1419,416,381.01666666666665
1420,410,317.49
1421,353,324.87333333333333
1422,324,284.7733333333333
1423,303,264.67333333333335
1424,313,281.88
1425,347,297.7133333333333
1426,428,354.3666666666667
1427,537,448.3466666666667
1428,651,530.2685687830688
1429,692,589.9166666666666
1430,612,559.3702222222223
1431,512,472.91
1432,415,376.9698412698412
1433,309,286.00666666666666
1434,201,221.60333333333332
1435,180,157.4122222222222
1436,154,185.39333333333335
1437,181,206.74
1438,327,346.32666666666665
1439,462,376.38666666666666
1440,562,601.2666666666667
1441,725,585.66
1442,722,670.49
1443,650,643.3866666666667
1444,589,498.35
1445,508,406.13
1446,457,504.09
1447,452,510.66
1448,542,425.58666666666664
1449,585,314.11333333333334
1450,629,384.8326666666667
1451,705,443.88
1452,761,578.2066666666667
1453,842,636.5566666666666
1454,834,732.9966666666667
1455,701,592.6266666666667
1456,550,571.56
1457,463,369.9
1458,340,239.82603174603176
1459,272,150.94766666666666
1460,250,155.8406666666667
1461,260,175.99
1462,403,289.65
1463,501,432.25666666666666
1464,538,414.2733333333333
1465,541,443.6066666666667
1466,517,442.49333333333334
1467,433,402.7866666666667
1468,418,339.22333333333336
1469,351,294.28333333333336
1470,368,271.46
1471,359,281.64666666666665
1472,348,281.1433333333333
1473,382,321.04333333333335
1474,486,393.77
1475,553,439.9722222222223
1476,691,508.13666666666666
1477,714,572.0066666666667
1478,660,566.2800000000001
1479,573,468.40111111111105
1480,449,381.62333333333333
1481,357,289.55
1482,256,214.05900000000003
1483,193,170.05333333333334
1484,182,152.6
1485,210,190.01
1486,401,305.8
1487,507,427.02
1488,567,419.64
1489,559,425.45666666666665
1490,486,436.18333333333334
1491,438,346.99333333333334
1492,390,329.0051666666667
1493,363,348.8833333333333
1494,318,285.83
1495,298,290.69666666666666
1496,298,312.8233333333333
1497,320,298.0566666666667
1498,437,360.66333333333336
1499,554,439.2955555555556
1500,628,448.74444444444435
1501,673,529.7
1502,641,507.5233333333333
1503,538,463.41833333333335
1504,412,382.53444444444443
1505,333,312.56333333333333
1506,219,217.17244444444447
1507,196,161.0969444444445
1508,162,156.58333333333334
1509,188,172.08577777777776
1510,317,281.75
1511,426,386.9611111111111
1512,448,429.6166666666667
1513,453,421.1
1514,422,389.83666666666664
1515,390,338.12
1516,349,328.18
1517,338,402.94666666666666
1518,345,353.44666666666666
1519,320,351.54333333333335
1520,356,333.02666666666664
1521,362,396.7266666666667
1522,454,498.6766666666667
1523,603,519.2533333333333
1524,706,694.0766666666667
1525,808,754.68
1526,904,760.85
1527,931,695.9658333333333
1528,820,538.1255555555556
1529,699,457.54
1530,582,310.58666666666664
1531,469,499.37
1532,388,438.25333333333333
1533,338,475.53
1534,388,273.08
1535,520,360.55333333333334
1536,584,410.5110555555556
1537,600,466.2633333333333
1538,627,476.7966666666667
1539,536,441.54
1540,521,422.47333333333336
1541,473,344.41333333333336
1542,446,305.43833333333333
1543,431,296.8933333333333
1544,456,268.45
1545,583,396.43333333333334
1546,639,436.28333333333336
1547,653,439.63666666666666
1548,724,512.8345952380953
1549,743,555.38
1550,687,483.47333333333336
1551,610,477.06333333333333
1552,504,369.2031746031746
1553,416,300.035
1554,311,276.24066666666664
1555,242,205.17666666666668
1556,217,166.76
1557,229,206.12333333333333
1558,294,265.99333333333334
1559,374,409.4433333333333
1560,490,399.705
1561,521,426.92333333333335
1562,532,422.9166666666667
1563,475,388.55333333333334
1564,447,380.6666666666667
1565,432,348.2033333333333
1566,385,359.89666666666665
1567,325,352.62
1568,357,297.8333333333333
1569,425,299.7266666666667
1570,486,427.14666666666665
1571,590,561.9666666666667
1572,727,512.9514285714286
1573,741,554.4133333333333
1574,712,549.1233333333333
1575,578,464.1166666666667
1576,455,416.30844444444443
1577,368,284.49666666666667
1578,373,194.84333333333333
1579,323,195.78333333333333
1580,274,228.19666666666666
1581,326,233.61333333333334
1582,417,282.50666666666666
1583,514,444.18
1584,509,522.7866666666666
1585,537,579.24
1586,564,582.49
1587,575,437.6666666666667
1588,574,355.86
1589,519,303.75666666666666
1590,557,391.31
1591,530,390.43666666666667
1592,543,285.2111111111111
1593,555,305.9266666666667
1594,636,457.63
1595,734,473.29333333333335
1596,812,513.6441666666667
1597,838,559.4166666666666
1598,731,570.107361111111
1599,637,487.22
1600,499,384.96
1601,417,291.21
1602,309,204.71666666666667
1603,242,232.9655555555555
1604,225,164.33733333333333
1605,272,176.97833333333332
1606,426,242.15333333333334
1607,507,359.78333333333336
1608,512,473.3066666666667
1609,535,437.5466666666667
1610,502,426.55333333333334
1611,452,385.29
1612,426,361.6766666666667
1613,382,401.50333333333333
1614,322,350.87833333333333
1615,537,322.19666666666666
1616,704,284.20866666666666
1617,651,391.86
1618,727,473.2633333333333
1619,757,557.0933333333334
1620,791,590.44
1621,814,655.0566666666666
1622,746,575.9606944444444
1623,623,468.0566666666667
1624,599,433.33694444444444
1625,903,653.7833333333333
1626,773,250.69666666666666
1627,1013,311.45
1628,853,252.53666666666666
1629,846,185.74333333333334
1630,955,265.67
1631,992,369.7
1632,866,447.0012222222222
1633,812,452.65409523809524
1634,723,410.82166666666666
1635,663,352.32666666666665
1636,592,393.55333333333334
1637,548,345.35333333333335
1638,530,311.31333333333333
1639,485,398.55
1640,549,355.66
1641,543,396.15
1642,591,442.41
1643,678,436.31888888888886
1644,777,515.9164285714286
1645,801,531.5766666666667
1646,719,557.9633333333334
1647,648,470.77416666666664
1648,545,385.84
1649,450,281.62666666666667
1650,328,236.12666666666667
1651,322,197.33666666666667
1652,337,212.57
1653,446,265.93666666666667
1654,611,508.85
1655,666,405.0233333333333
1656,702,454.91
1657,692,455.28333333333336
1658,636,425.07666666666665
1659,539,606.3
1660,539,531.7133333333334
1661,526,388.3833333333333
1662,505,478.69666666666666
1663,493,381.1066666666667
1664,471,323.57666666666665
1665,502,314.54333333333335
1666,581,377.11333333333334
1667,633,490.31666666666666
1668,743,477.9997777777778
1669,826,565.34
1670,739,547.4233333333333
1671,654,474.1101666666666
1672,505,421.94455555555555
1673,416,310.3383333333333
1674,318,224.26666666666668
1675,253,226.49333333333334
1676,246,177.61666666666667
1677,301,197.5511111111111
1678,397,332.23333333333335
1679,507,405.41
1680,530,515.7933333333333
1681,538,451.19666666666666
1682,522,478.36333333333334
1683,501,375.43666666666667
1684,483,376.79
1685,427,341.48
1686,374,318.6766666666667
1687,368,387.69
1688,353,266.05333333333334
1689,410,322.68
1690,494,374.28266666666667
1691,570,434.1622222222222
1692,656,550.0552222222221
1693,710,660.9566666666667
1694,661,519.28
1695,576,479.9277777777777
1696,476,395.07
1697,404,278.7633333333333
1698,263,196.14833333333328
1699,220,176.022
1700,208,189.12666666666667
1701,207,319.3433333333333
1702,261,403.3933333333333
1703,383,565.26
1704,525,513.0233333333333
1705,598,459.4
1706,624,468.79333333333335
1707,527,427.3466666666667
1708,499,363.02
1709,457,323.9533333333333
1710,431,417.57
1711,385,279.46
1712,377,346.3338095238095
1713,431,376.6433333333333
1714,506,461.12666666666667
1715,559,458.68333333333334
1716,637,508.6056666666667
1717,676,591.1133333333333
1718,595,531.23
1719,556,591.98
1720,456,399.4033333333333
1721,359,280.88666666666666
1722,251,196.14833333333328
1723,225,155.6799365079366
1724,168,152.82333333333332
1725,169,170.99666666666667
1726,257,283.73
1727,356,383.12777777777774
1728,516,413.66333333333336
1729,611,420.8833333333333
1730,592,406.58666666666664
1731,526,354.65
1732,486,335.94533333333334
1733,471,321.36333333333334
1734,411,299.99
1735,363,265.5366666666667
1736,347,270.9866666666667
1737,405,316.52
1738,473,365.23
1739,555,451.68333333333334
1740,639,465.93722222222226
1741,692,524.97
1742,676,502.98
1743,559,435.17611111111114
1744,436,373.74925925925925
1745,327,270.9066666666667
1746,220,244.99333333333334
1747,194,260.24222222222227
1748,149,158.46333333333334
1749,186,170.94666666666666
1750,326,286.69
1751,426,416.1643888888889
1752,450,428.69922222222226
1753,458,449.2033333333333
1754,439,433.96666666666664
1755,434,392.00666666666666
1756,421,394.2366666666667
1757,389,389.8066666666667
1758,365,293.7633333333333
1759,357,301.77
1760,357,311.39
1761,416,352.20666666666665
1762,545,435.1361111111111
1763,680,484.56333333333333
1764,741,573.5233333333333
1765,824,572.96
1766,786,637.2533333333333
1767,678,651.45
1768,563,584.3933333333333
1769,467,589.43
1770,340,294.4433333333333
1771,354,280.95666666666665
1772,345,353.74666666666667
1773,398,228.51666666666668
1774,557,390.68
1775,636,499.80333333333334
1776,651,508.1566666666667
1777,650,445.5933333333333
1778,619,620.7166666666667
1779,605,650.1366666666667
1780,598,461.8433333333333
1781,567,421.54
1782,528,306.0233333333333
1783,506,306.60333333333335
1784,486,258.27799999999996
1785,488,315.04
1786,583,373.0466666666667
1787,647,402.63301587301595
1788,746,487.80833333333334
1789,811,546.07
1790,719,539.85
1791,638,495.85
1792,525,393.9663095238095
1793,411,284.9766666666667
1794,299,200.664
1795,222,167.5473333333333
1796,238,147.65114285714284
1797,279,175.88666666666666
1798,379,271.16333333333336
1799,496,387.3661111111111
1800,514,425.38
1801,551,409.54833333333335
1802,531,404.53
1803,437,378.09
1804,422,329.7966666666667
1805,376,298.0933333333333
1806,365,303.18666666666667
1807,352,272.4533333333333
1808,353,285.3066666666667
1809,403,301.82666666666665
1810,496,392.75
1811,558,447.52666666666664
1812,699,495.89895238095244
1813,718,571.1266666666667
1814,658,550.043
1815,585,496.06666666666666
1816,438,394.27
1817,352,258.43333333333334
1818,267,206.03333333333333
1819,221,182.6579444444445
1820,190,203.48333333333332
1821,234,178.80333333333334
1822,392,259.92
1823,501,372.9344444444444
1824,523,416.03111111111116
1825,546,451.25
1826,522,426.2411904761904
1827,469,386.2633333333333
1828,437,334.7633333333333
1829,401,325.48333333333335
1830,352,304.15
1831,304,268.6533333333333
1832,321,296.87
1833,381,335.88
1834,460,365.11
1835,525,475.3233333333333
1836,682,517.7794444444445
1837,706,557.6133333333333
1838,658,557.4814444444446
1839,579,459.82
1840,416,375.08761904761906
1841,361,321.28333333333336
1842,294,225.01333333333332
1843,255,219.1377777777778
1844,310,153.10666666666665
1845,334,185.84
1846,417,283.29466666666667
1847,492,360.55333333333334
1848,518,466.6333333333333
1849,561,447.07666666666665
1850,613,455.44666666666666
1851,569,442.54333333333335
1852,488,352.9433333333333
1853,433,352.41333333333336
1854,387,305.8926666666667
1855,354,292.03333333333336
1856,368,341.27
1857,450,408.0966666666667
1858,550,447.46666666666664
1859,630,507.0733333333333
1860,771,535.61
1861,793,593.27
1862,734,576.3966666666666
1863,654,566.9901666666666
1864,599,591.0766666666667
1865,552,445.4866666666667
1866,470,220.70333333333335
1867,375,179.83333333333334
1868,366,185.78333333333333
1869,432,203.11
1870,438,287.5366666666667
1871,538,384.5933333333333
1872,608,413.38
1873,644,438.77
1874,659,420.30333333333334
1875,642,371.4866666666667
1876,587,419.41
1877,507,317.2633333333333
1878,460,295.7366666666667
1879,429,330.2
1880,432,294.78333333333336
1881,454,305.45
1882,503,380.48333333333335
1883,554,435.0488888888889
1884,637,521.0144444444445
1885,704,564.9
1886,672,515.4366666666666
1887,584,480.388
1888,474,402.3588888888889
1889,383,266.2633333333333
1890,282,262.13666666666666
1891,218,227.11666666666667
1892,197,158.60333333333332
1893,202,189.27444444444444
1894,245,262.3566666666667
1895,364,409.4433333333333
1896,512,426.7366666666667
1897,580,370.85533333333336
1898,607,408.4033333333333
1899,561,354.37666666666667
1900,512,309.0133333333333
1901,460,304.6433333333333
1902,406,278.6935714285714
1903,387,282.83577777777776
1904,366,270.99375
1905,441,301.28
1906,493,368.87666666666667
1907,574,399.61555555555555
1908,679,559.1841666666667
1909,717,565.3766666666667
1910,637,509.49333333333334
1911,546,465.1741666666667
1912,427,442.41
1913,325,289.5081111111112
1914,231,242.96333333333334
1915,180,173.77633333333333
1916,161,167.22
1917,207,214.49
1918,327,303.32666666666665
1919,468,390.86
1920,491,447.9532222222222
1921,528,461.17555555555555
1922,487,428.55833333333334
1923,437,389.5966666666667
1924,401,382.06333333333333
1925,374,362.65
1926,344,292.02427777777774
1927,316,300.48199999999997
1928,344,273.6256944444445
1929,366,313.1
1930,457,435.956
1931,576,444.92138888888894
1932,644,485.63705555555555
1933,682,666.6366666666667
1934,656,534.71
1935,530,551.4133333333333
1936,423,374.9866666666667
1937,344,306.4228650793651
1938,226,232.34102777777773
1939,174,169.99800000000002
1940,165,156.51777777777775
1941,184,205.11166666666668
1942,318,298.04133333333334
1943,458,382.7363888888889
1944,497,441.0783333333333
1945,524,441.38666666666666
1946,491,456.05822222222224
1947,448,310.59
1948,382,242.43666666666667
1949,356,313.81
1950,330,292.85355555555554
1951,301,287.69666666666666
1952,315,349.86
1953,379,355.1377777777778
1954,449,369.9894444444445
1955,521,438.89322222222216
1956,646,478.35083333333336
1957,674,607.4666666666667
1958,607,535.4183333333333
1959,638,528.3433333333334
1960,632,408.7866666666667
1961,440,313.0977777777777
1962,319,231.84053968253963
1963,238,193.38538888888888
1964,226,162.36
1965,263,245.22
1966,388,257.10333333333335
1967,509,350.9458333333333
1968,563,432.0569444444444
1969,558,456.9077777777778
1970,502,406.8466666666667
1971,452,394.6333333333333
1972,429,366.18
1973,379,315.9766666666667
1974,355,296.06
1975,324,278.4822222222222
1976,328,278.36
1977,361,287.00333333333333
1978,469,359.75
1979,519,395.5555555555556
1980,613,520.665
1981,658,589.8533333333334
1982,619,570.72
1983,542,491.54
1984,436,398.2966666666667
1985,347,296.23333333333335
1986,262,203.60666666666665
1987,183,187.79333333333332
1988,163,169.37333333333333
1989,185,218.79555555555558
1990,259,252.95
1991,388,377.3566666666667
1992,456,423.05
1993,478,487.49
1994,464,503.80333333333334
1995,426,353.6
1996,416,287.44
1997,360,327.05
1998,353,355.73333333333335
1999,304,270.02666666666664
2000,323,276.32
2001,364,288.77666666666664
2002,430,369.9433333333333
2003,493,396.854126984127
2004,601,492.64916666666664
2005,657,546.6666666666666
2006,595,554.6822222222223
2007,536,491.8383333333333
2008,415,387.58666666666664
2009,338,298.28
2010,227,229.26666666666668
2011,174,173.10333333333332
2012,163,148.71
2013,174,177.16333333333333
2014,221,269.24666666666667
2015,327,334.89666666666665
2016,429,413.94083333333333
2017,456,432.6119444444444
2018,479,420.5966666666667
2019,431,367.69666666666666
2020,418,386.72
2021,385,400.5466666666667
2022,321,416.1433333333333
2023,292,356.78333333333336
2024,340,438.98333333333335
2025,375,339.06333333333333
2026,444,415.38666666666666
2027,492,458.66
2028,616,690.6566666666666
2029,685,597.4333333333333
2030,612,597.7125
2031,590,603.52
2032,507,447.36
2033,389,676.2133333333334
2034,305,243.72333333333333
2035,306,233.65333333333334
2036,295,200.40666666666667
2037,308,183.07
2038,329,405.6333333333333
2039,441,418.465
2040,519,522.2666666666667
2041,585,461.99333333333334
2042,596,471.74666666666667
2043,512,544.6066666666667
2044,504,443.49
2045,443,560.73
2046,418,389.5
2047,390,362.54333333333335
2048,391,451.9533333333333
2049,482,405.31333333333333
2050,613,460.89
2051,672,567.2
2052,734,506.39666666666665
2053,775,580.975
2054,663,567.6498333333334
2055,591,619.1366666666667
2056,515,462.9
2057,461,679.8566666666667
2058,332,237.67666666666668
2059,274,314.52666666666664
2060,238,195.15666666666667
2061,263,212.11888888888888
2062,287,280.82666666666665
2063,378,376.27
2064,479,405.65
2065,549,430.18666666666667
2066,574,428.68333333333334
2067,502,418.5833333333333
2068,551,411.6533333333333
2069,548,495.22
2070,559,444.7133333333333
2071,681,359.7033333333333
2072,760,429.54
2073,835,402.25333333333333
2074,909,430.81333333333333
2075,890,418.75888888888886
2076,900,508.5680952380953
2077,857,509.5966666666667
2078,760,532.3266666666667
2079,667,458.327
2080,547,458.07
2081,424,349.3858333333333
2082,330,426.18333333333334
2083,259,175.50222222222223
2084,250,168.87666666666667
2085,278,226.40222222222224
2086,394,286.8233333333333
2087,506,392.69
2088,529,418.3466666666667
2089,539,435.0233333333333
2090,518,469.96
2091,478,440.71
2092,456,413.28333333333336
2093,398,493.96666666666664
2094,377,444.43
2095,362,359.7033333333333
2096,355,425.81666666666666
2097,418,398.02666666666664
2098,524,442.08
2099,613,432.11555555555555
2100,715,553.63
2101,737,542.1866666666666
2102,676,508.48333333333335
2103,583,481.40888888888884
2104,463,381.18333333333334
2105,357,303.980753968254
2106,282,230.8104179894179
2107,204,181.23111111111112
2108,188,166.13666666666666
2109,237,266.3122222222222
2110,354,403.06666666666666
2111,465,377.5466666666667
2112,517,361.27666666666664
2113,541,404.33666666666664
2114,508,407.5293333333333
2115,426,354.7733333333333
2116,403,354.06
2117,379,312.18666666666667
2118,353,312.86333333333334
2119,351,369.8333333333333
2120,353,268.27
2121,369,322.3066666666667
2122,464,422.7133333333333
2123,541,494.52666666666664
2124,674,478.73
2125,723,554.1411111111111
2126,650,555.7
2127,569,497.6277777777778
2128,448,396.7866666666667
2129,344,278.0933333333333
2130,276,200.75822222222226
2131,198,155.89666666666668
2132,192,151.3427777777778
2133,201,225.56666666666666
2134,333,273.49666666666667
2135,453,361.49
2136,498,405.62333333333333
2137,509,374.3414444444445
2138,470,429.22333333333336
2139,437,358.88
2140,414,327.21
2141,367,327.41
2142,347,278.96666666666664
2143,297,254.69722222222225
2144,333,282.1794444444444
2145,370,293.31457142857147
2146,463,364.49
2147,577,429.46
2148,652,505.24655555555546
2149,682,617.21
2150,641,593.9129484126983
2151,552,496.09977777777783
2152,433,419.2366666666667
2153,340,287.8013888888889
2154,296,196.89
2155,258,193.38538888888888
2156,209,157.98
2157,227,294.15
2158,361,325.05
2159,472,276.4
2160,484,424.00666666666666
2161,529,445.3933333333333
2162,535,494.3333333333333
2163,509,418.12
2164,447,396.0
2165,387,343.6533333333333
2166,375,290.12333333333333
2167,345,270.38166666666666
2168,348,288.89
2169,393,346.8433333333333
2170,477,423.4766666666667
2171,591,469.86
2172,689,526.0
2173,688,687.3433333333334
2174,654,601.3904484126983
2175,559,529.7
2176,452,439.77
2177,352,451.8933333333333
2178,233,303.76666666666665
2179,202,313.26888888888885
2180,190,166.14444444444442
2181,222,234.59
2182,366,246.13899999999998
2183,472,384.9033333333333
2184,500,416.13877777777776
2185,536,412.70444444444445
2186,493,439.66
2187,454,415.89666666666665
2188,438,366.35333333333335
2189,383,314.47
2190,340,263.13
2191,321,259.8
2192,322,279.24666666666667
2193,365,286.52
2194,469,346.7733333333333
2195,498,418.17
2196,597,535.148
2197,669,540.7466666666667
2198,616,560.62
2199,566,459.9
2200,457,378.4066984126984
2201,342,297.0233333333333
2202,247,210.21933333333334
2203,198,176.82200000000003
2204,176,155.92333333333335
2205,202,208.91666666666666
2206,286,302.36333333333334
2207,421,367.04
2208,552,382.18777777777774
2209,636,457.1046666666667
2210,621,458.86794444444445
2211,538,399.02
2212,487,372.58666666666664
2213,456,292.15
2214,381,309.08666666666664
2215,337,290.75333333333333
2216,329,271.4007936507937
2217,367,290.82666666666665
2218,454,380.02
2219,510,441.17
2220,576,502.67
2221,633,509.6666666666667
2222,603,555.84
2223,491,457.00416666666666
2224,433,419.62415873015874
2225,315,313.9772222222222
2226,225,234.76
2227,178,173.77633333333333
2228,154,167.34333333333333
2229,167,256.29333333333335
2230,218,269.21166666666664
2231,345,322.89
2232,492,399.4
2233,576,278.73644444444443
2234,577,421.85
2235,490,368.00333333333333
2236,467,343.76666666666665
2237,427,315.68333333333334
2238,380,280.0
2239,341,291.26194444444445
2240,327,288.20972222222224
2241,375,310.24333333333334
2242,494,394.75399999999996
2243,531,464.9558333333333
2244,640,539.2322222222222
2245,668,687.9366666666666
2246,632,561.1445833333333
2247,533,461.57
2248,412,408.7866666666667
2249,282,278.62333333333333
2250,229,201.31111111111113
2251,171,337.2996666666667
2252,144,171.00833333333333
2253,192,226.45
2254,302,269.5933333333333
2255,436,418.29333333333335
2256,469,432.01
2257,481,444.96666666666664
2258,428,398.15
2259,403,413.7033333333333
2260,406,337.58
2261,382,320.68333333333334
2262,312,276.56
2263,296,293.3486111111111
2264,350,292.88166666666666
2265,358,304.24666666666667
2266,467,355.3498888888889
2267,547,428.54261111111106
2268,626,563.4
2269,694,504.1
2270,655,619.98
2271,527,493.75733333333335
2272,404,388.71666666666664
2273,308,281.5283333333333
2274,209,189.08265873015873
2275,158,193.33819841269846
2276,153,165.12844444444443
2277,169,205.11166666666668
2278,307,373.9
2279,437,362.5933333333333
2280,495,406.6566666666667
2281,513,463.8066666666667
2282,455,421.7311666666667
2283,393,257.036
2284,380,365.88
2285,335,325.5233333333333
2286,309,285.2956666666667
2287,324,258.64166666666665
2288,300,270.02933333333334
2289,337,300.91
2290,434,366.485
2291,549,457.44166666666666
2292,628,445.4753888888889
2293,667,645.9933333333333
2294,601,596.6862817460316
2295,541,483.43333333333334
2296,410,400.79
2297,308,340.9841666666667
2298,218,198.09666666666666
2299,142,190.6919761904762
2300,148,192.5714444444444
2301,179,255.37522222222222
2302,347,353.66333333333336
2303,447,404.79
2304,479,477.9851111111111
2305,511,434.42333333333335
2306,460,412.76222222222225
2307,421,378.15
2308,401,352.68333333333334
2309,348,338.7366666666667
2310,335,276.3233333333333
2311,327,256.1666666666667
2312,282,272.1168333333333
2313,335,308.3233333333333
2314,446,353.25744444444445
2315,549,387.7633333333333
2316,614,474.81272222222225
2317,670,560.91
2318,622,625.6791269841269
2319,534,464.07666666666665
2320,418,434.84166666666664
2321,325,348.1577777777778
2322,225,196.61333333333334
2323,161,185.92930952380956
2324,144,173.63205555555558
2325,196,214.3246111111111
2326,323,356.20533333333333
2327,437,393.82
2328,486,407.1166666666667
2329,515,472.54
2330,487,465.056
2331,409,338.08444444444444
2332,387,342.1766666666667
2333,381,304.6433333333333
2334,309,283.5711111111111
2335,283,284.4964444444444
2336,295,268.9488888888889
2337,328,322.72555555555556
2338,465,390.29333333333335
2339,496,478.4855555555556
2340,610,539.2322222222222
2341,673,687.9366666666666
2342,617,507.5566666666667
2343,525,458.7726666666666
2344,420,406.79
2345,330,337.8633333333334
2346,204,211.25333333333333
2347,175,207.03555555555556
2348,145,172.37166666666667
2349,169,235.32
2350,312,273.79
2351,433,382.1820000000001
2352,491,440.2462222222221
2353,538,430.0683333333333
2354,488,461.95266666666674
2355,411,381.58177777777775
2356,403,289.95
2357,322,337.68
2358,312,282.7040277777778
2359,286,269.25
2360,313,272.05333333333334
2361,342,309.7033333333333
2362,414,358.0733333333333
2363,491,399.50666666666666
2364,605,463.8417222222223
2365,633,510.13
2366,583,551.6869047619048
2367,513,466.4866666666667
2368,428,389.62888888888887
2369,303,301.81216666666666
2370,212,194.43333333333334
2371,175,200.94583333333333
2372,129,163.19666666666666
2373,169,197.15666666666667
2374,233,274.0734166666667
2375,387,389.75805555555553
2376,490,441.7551111111111
2377,576,429.6
2378,562,410.86555555555555
2379,502,388.99666666666667
2380,462,337.7683333333333
2381,429,363.76
2382,369,272.81666666666666
2383,324,261.345
2384,349,276.0966666666667
2385,373,289.08111111111117
2386,436,341.04333333333335
2387,506,385.3466666666667
2388,564,475.2997777777778
2389,640,560.91
2390,589,607.6474603174603
2391,491,464.2966666666667
2392,388,391.2966666666667
2393,292,290.498
2394,197,208.38777777777779
2395,165,179.33666666666667
2396,128,174.19666666666666
2397,150,219.52333333333334
2398,218,239.27222222222224
2399,331,394.64666666666665
2400,470,436.07
2401,517,434.47
2402,562,408.53777777777776
2403,467,408.06333333333333
2404,436,352.6716666666667
2405,399,299.0077777777778
2406,356,277.4166666666667
2407,298,261.4866666666667
2408,315,267.79266666666666
2409,381,288.59388888888884
2410,433,375.250888888889
2411,511,454.77166666666665
2412,591,451.52888888888884
2413,619,498.8358333333333
2414,588,532.8275555555556
2415,494,459.3833333333333
2416,397,353.92
2417,286,306.1061666666667
2418,196,235.53300000000002
2419,158,173.85
2420,137,153.42952380952383
2421,137,183.7088888888889
2422,233,274.92341666666664
2423,355,413.58438888888884
2424,462,427.0466666666667
2425,505,420.6209523809523
2426,521,449.02666666666664
2427,489,400.53333333333336
2428,439,337.63
2429,393,383.1888888888889
2430,341,289.1383333333333
2431,328,279.61
2432,330,292.68566666666663
2433,382,294.11333333333334
2434,437,343.5854444444444
2435,522,392.31333333333333
2436,608,457.3580000000002
2437,631,473.6066666666667
2438,582,515.9052222222222
2439,502,443.43333333333334
2440,401,371.27
2441,262,317.265
2442,197,207.32333333333335
2443,157,173.01333333333332
2444,133,185.82694444444442
2445,167,182.375
2446,257,324.2033333333333
2447,390,367.00361111111107
2448,454,449.11
2449,511,464.3570952380953
2450,481,452.51349206349204
2451,435,395.17699999999996
2452,402,344.1666666666667
2453,361,349.5444444444445
2454,324,272.58733333333333
2455,288,260.36
2456,312,287.95666666666665
2457,358,282.79
2458,422,336.56777777777774
2459,507,416.67595238095237
2460,587,525.7219444444445
2461,624,541.6708333333333
2462,573,522.8003333333334
2463,491,463.33666666666664
2464,396,367.819
2465,297,257.7816666666667
2466,198,205.24955555555565
2467,153,162.00933333333333
2468,144,150.13333333333335
2469,153,193.6037777777778
2470,250,259.45
2471,385,370.7625
2472,455,410.8666666666667
2473,495,448.12333333333333
2474,507,412.8283333333333
2475,432,415.45666666666665
2476,417,334.1502222222222
2477,361,349.38
2478,331,268.28333333333336
2479,299,257.49
2480,299,282.4086666666667
2481,360,284.30333333333334
2482,461,364.23
2483,512,384.31666666666666
2484,580,490.1775
2485,627,507.7733333333333
2486,576,549.59
2487,510,474.56333333333333
2488,400,386.34
2489,275,286.99
2490,202,190.89166666666668
2491,157,147.166
2492,138,151.68
2493,165,184.0306666666667
2494,225,287.1933333333333
2495,373,395.2366666666667
2496,451,453.0977777777777
2497,469,404.33222222222224
2498,460,416.272
2499,438,348.63
2500,411,285.7033333333333
2501,340,317.35
2502,300,284.0233333333333
2503,327,290.34193650793645
2504,290,272.0761111111111
2505,327,303.43333333333334
2506,416,334.25666666666666
2507,479,371.61333333333334
2508,566,459.9555555555555
2509,614,567.2433333333333
2510,571,564.8333333333334
2511,492,509.86444444444436
2512,405,387.8666666666667
2513,283,263.275
2514,206,210.15316666666672
2515,155,187.90777777777777
2516,127,159.09666666666666
2517,184,166.7925
2518,239,279.56666666666666
2519,376,387.9266666666667
2520,480,436.50666666666666
2521,539,434.42333333333335
2522,499,456.0101587301587
2523,409,386.185
2524,432,366.445
2525,378,303.42333333333335
2526,302,280.42
2527,312,267.9166666666667
2528,318,278.80333333333334
2529,321,305.18222222222226
2530,406,362.3782222222222
2531,485,398.2745
2532,528,451.52888888888884
2533,589,571.7516666666667
2534,576,503.26666666666665
2535,501,446.3833333333333
2536,418,354.44666666666666
2537,289,284.953
2538,207,209.96433333333337
2539,165,177.79666666666665
2540,121,152.29
2541,157,192.71888888888887
2542,208,287.6433333333333
2543,328,383.9266666666667
2544,463,436.9016666666667
2545,490,440.99
2546,513,451.5966666666667
2547,489,368.92
2548,427,335.21
2549,385,321.26
2550,312,304.32666666666665
2551,307,303.24
2552,310,275.580126984127
2553,331,288.86
2554,399,367.35333333333335
2555,476,383.81333333333333
2556,546,455.25083333333333
2557,581,545.3033333333333
2558,567,556.3933333333333
2559,506,475.7416666666667
2560,398,394.6566666666667
2561,289,286.12333333333333
2562,208,197.54627777777785
2563,156,162.374
2564,144,150.38222222222225
2565,125,184.29533333333336
2566,190,270.8466666666667
2567,328,395.5655555555556
2568,444,422.3125
2569,499,460.41333333333336
2570,510,434.6066666666667
2571,456,408.29
2572,430,372.45666666666665
2573,422,327.32
2574,335,296.6666666666667
2575,287,281.02
2576,306,298.88866666666667
2577,385,283.93
2578,426,378.24666666666667
2579,531,383.78
2580,626,492.74
2581,653,553.7077777777777
2582,593,526.8005555555557
2583,492,571.7233333333334
2584,387,408.31
2585,266,299.43416666666667
2586,205,235.46333333333334
2587,138,170.36
2588,129,209.29777777777778
2589,153,181.12666666666667
2590,295,291.56666666666666
2591,428,387.9266666666667
2592,450,413.5177777777778
2593,462,445.67333333333335
2594,436,432.71
2595,419,349.81
2596,409,326.76666666666665
2597,328,284.82
2598,304,254.41333333333333
2599,264,266.33666666666664
2600,288,278.70666666666665
2601,334,284.7866666666667
2602,465,365.09
2603,511,380.93333333333334
2604,612,488.82416666666666
2605,675,520.6011111111111
2606,612,588.4866666666667
2607,503,466.7266666666667
2608,394,387.12333333333333
2609,273,265.6383333333333
2610,191,194.79019841269843
2611,151,153.74066666666667
2612,135,150.9657142857143
2613,177,186.60666666666665
2614,319,242.62
2615,451,370.0155555555555
2616,464,410.5466666666667
2617,481,448.85722222222216
2618,458,425.67
2619,392,427.86777777777775
2620,347,377.45
2621,299,336.0933333333333
2622,299,270.53
2623,256,291.0724444444444
2624,291,271.0055555555556
2625,328,296.7
2626,424,350.05
2627,502,417.3611111111111
2628,608,484.51
2629,650,536.1366666666667
2630,603,523.6633333333333
2631,506,477.2133333333333
2632,401,410.80272222222214
2633,289,295.9633333333333
2634,209,204.71666666666667
2635,146,183.18883333333335
2636,128,164.33333333333334
2637,159,189.56
2638,279,295.3344444444445
2639,419,385.24666666666667
2640,460,429.25666666666666
2641,473,457.2733333333333
2642,487,496.44111111111107
2643,408,404.00377777777777
2644,371,342.47333333333336
2645,321,347.7766666666667
2646,308,287.5228095238095
2647,286,260.55333333333334
2648,291,272.0725
2649,326,288.0933333333333
2650,452,363.16533333333336
2651,544,383.5966666666667
2652,629,479.46388888888885
2653,658,514.2755555555556
2654,605,523.8655555555556
2655,512,471.93666666666667
2656,392,357.8666666666667
2657,285,303.478746031746
2658,209,234.2413888888889
2659,150,176.58933333333334
2660,150,162.59
2661,161,163.75333333333333
2662,299,274.92341666666664
2663,426,387.8666666666666
2664,460,462.29111111111104
2665,485,455.74222222222227
2666,470,458.91393650793657
2667,428,394.9637222222222
2668,389,353.7866666666667
2669,316,332.80027777777775
2670,251,280.950253968254
2671,278,266.94
2672,283,266.1226666666667
2673,346,301.48333333333335
2674,406,364.3666666666667
2675,516,421.4166666666667
2676,602,485.97333333333336
2677,656,524.2633333333333
2678,604,488.24194444444447
2679,528,480.28
2680,393,414.0205476190477
2681,288,279.9433333333333
2682,205,233.2477777777778
2683,152,168.00333333333333
2684,148,158.285
2685,167,221.75333333333333
2686,300,315.20666666666665
2687,437,359.3836111111111
2688,472,421.83
2689,487,420.6209523809523
2690,453,459.2133333333333
2691,421,402.74333333333334
2692,381,364.17833333333334
2693,325,297.52733333333333
2694,282,279.89666666666665
2695,289,268.9766666666667
2696,284,291.3466666666667
2697,347,361.83666666666664
2698,428,497.7471111111112
2699,497,462.035
2700,559,475.9502777777778
2701,624,496.53
2702,563,492.8984444444444
2703,503,467.10333333333335
2704,410,353.92
2705,300,293.5127777777778
2706,225,234.14472222222224
2707,157,171.60666666666665
2708,129,161.43
2709,160,163.74
2710,244,265.47533333333337
2711,364,372.28694444444443
2712,466,448.26466666666664
2713,504,474.5337301587302
2714,527,440.72333333333336
2715,459,397.6411111111111
2716,420,315.03
2717,364,353.17
2718,307,298.0833333333333
2719,282,388.1933333333333
2720,342,393.1166666666667
2721,324,356.74333333333334
2722,417,440.51166666666666
2723,471,479.0423888888889
2724,530,437.8931111111112
2725,600,617.37
2726,546,544.1074603174602
2727,469,465.45666666666665
2728,403,383.0783333333333
2729,279,303.5736666666666
2730,191,202.3061111111111
2731,159,169.16333333333333
2732,141,163.19666666666666
2733,148,232.4263333333333
2734,179,371.01666666666665
2735,294,372.34361111111116
2736,421,415.75333333333333
2737,484,417.5233333333333
2738,506,430.99333333333334
2739,429,364.17333333333335
2740,417,327.42
2741,366,304.31333333333333
2742,297,310.89422222222225
2743,292,269.85
2744,299,268.2841666666667
2745,351,302.24666666666667
2746,442,355.24
2747,509,422.06333333333333
2748,637,518.6735555555555
2749,684,674.7533333333333
2750,583,533.4933333333333
2751,496,470.8897222222222
2752,383,435.1088888888889
2753,276,364.84714285714284
2754,196,226.53166666666667
2755,132,179.84333333333333
2756,138,182.96333333333334
2757,158,205.17
2758,306,353.71
2759,429,358.54755555555556
2760,458,407.1166666666667
2761,475,472.54
2762,482,456.05822222222224
2763,405,381.5835555555555
2764,360,382.58
2765,317,338.17
2766,282,272.67
2767,250,261.0133333333333
2768,278,273.90833333333336
2769,344,331.7588888888889
2770,460,383.72333333333336
2771,532,416.1355555555556
2772,625,498.2083333333333
2773,654,503.5877777777777
2774,603,525.735
2775,499,480.16
2776,388,391.20666666666665
2777,283,273.77549999999997
2778,190,199.41777777777776
2779,149,172.18666666666667
2780,145,173.31666666666666
2781,172,197.57666666666665
2782,295,224.77200000000002
2783,427,409.53755555555557
2784,457,465.66611111111115
2785,461,474.845
2786,436,421.7311666666667
2787,386,373.24666666666667
2788,355,324.74333333333334
2789,295,311.3333333333333
2790,272,287.5933333333333
2791,294,290.34
2792,314,288.69
2793,327,335.87333333333333
2794,425,352.7155555555555
2795,521,393.69
2796,599,495.7675
2797,661,548.1233333333333
2798,594,526.0466666666666
2799,505,453.26666666666665
2800,400,368.66333333333336
2801,266,274.7147777777777
2802,200,210.5562222222223
2803,167,198.115
2804,145,159.09666666666666
2805,193,187.51
2806,316,268.99244444444446
2807,424,382.5782222222222
2808,463,439.81216666666677
2809,467,448.9877777777777
2810,438,408.1793333333333
2811,395,394.48333333333335
2812,383,388.4633333333333
2813,299,363.76
2814,279,270.53
2815,269,283.77193650793646
2816,320,259.0466666666667
2817,330,297.24
2818,426,353.1066666666667
2819,540,414.39222222222224
2820,611,482.1647222222223
2821,689,535.2666666666667
2822,615,527.5622222222223
2823,488,544.13
2824,405,366.86
2825,282,319.6482777777778
2826,202,219.32550000000003
2827,179,202.06333333333333
2828,163,147.76555555555558
2829,586,222.01
2830,890,256.3666666666667
2831,1375,414.735
2832,1228,423.49333333333334
2833,903,436.41
2834,700,459.87333333333333
2835,552,415.06
2836,479,372.4033333333333
2837,415,327.67333333333335
2838,379,276.24483333333336
2839,342,300.76
2840,365,275.41333333333336
2841,425,316.78
2842,495,461.12333333333333
2843,561,443.71666666666664
2844,674,501.055
2845,695,566.5966666666667
2846,625,557.5933333333334
2847,562,551.24
2848,426,407.42333333333335
2849,321,475.33
2850,228,217.83527777777778
2851,172,198.51333333333332
2852,177,167.05
2853,230,197.87
2854,363,265.4378571428571
2855,458,322.05333333333334
2856,475,452.98333333333335
2857,540,437.91333333333336
2858,531,463.24666666666667
2859,464,420.44
2860,462,387.18666666666667
2861,402,318.7633333333333
2862,350,274.52666666666664
2863,325,285.68600000000004
2864,339,281.35833333333335
2865,372,316.66
2866,459,362.8933333333333
2867,513,382.2266666666667
2868,604,476.1995000000001
2869,651,513.7133333333334
2870,619,530.5333333333333
2871,556,464.81666666666666
2872,431,357.8666666666667
2873,322,285.143
2874,226,209.58738888888888
2875,171,171.00333333333333
2876,152,199.64185714285713
2877,183,208.495
2878,231,282.87174999999996
2879,369,356.0716666666667
2880,502,428.025
2881,600,404.33222222222224
2882,538,414.6445
2883,471,340.22333333333336
2884,447,340.96666666666664
2885,421,351.99000000000007
2886,340,288.81399999999996
2887,312,258.6166666666667
2888,311,303.6091666666667
2889,332,290.3233333333333
2890,482,377.35122222222225
2891,502,429.8977777777778
2892,556,477.0466666666667
2893,623,512.428888888889
2894,575,509.37222222222226
2895,509,453.5133333333333
2896,425,385.03833333333336
2897,296,306.1061666666667
2898,202,209.96433333333337
2899,157,198.52166666666668
2900,146,156.45027777777776
2901,151,180.62666666666667
2902,207,353.6066666666667
2903,319,401.33488888888894
2904,474,419.03766666666667
2905,542,445.3566666666667
2906,543,459.40488888888893
2907,471,395.17699999999996
2908,443,337.7033333333333
2909,419,346.937
2910,332,285.7058650793651
2911,288,272.83
2912,318,397.0233333333333
2913,371,361.43
2914,456,416.9211111111111
2915,543,458.1980555555555
2916,632,475.9272222222222
2917,654,511.725
2918,615,543.3785555555556
2919,514,468.56666666666666
2920,385,368.8433333333333
2921,295,321.3561666666667
2922,188,210.83038888888893
2923,152,178.12333333333333
2924,135,156.7422222222222
2925,155,195.26166666666666
2926,309,342.132
2927,460,354.1402777777778
2928,495,461.2855555555555
2929,503,443.7242857142857
2930,464,454.05833333333334
2931,414,400.2
2932,424,362.95666666666665
2933,370,348.7136666666667
2934,311,283.7761428571428
2935,290,262.74
2936,314,307.4433333333333
2937,358,278.28722222222217
2938,476,336.9805555555555
2939,581,421.9505634920634
2940,673,475.23333333333323
2941,718,520.3722222222223
2942,647,522.4322222222223
2943,536,505.76666666666665
2944,434,351.4766666666667
2945,296,281.03555555555556
2946,213,210.92283333333341
2947,169,190.31333333333333
2948,145,186.5925
2949,381,192.34333333333333
2950,1484,289.1766666666667
2951,1338,374.7888888888889
2952,1132,415.25
2953,938,426.25333333333333
2954,801,450.05
2955,665,433.5366666666667
2956,601,399.5133333333333
2957,494,343.13
2958,431,282.5253333333334
2959,418,246.62333333333333
2960,430,280.80347222222224
2961,488,304.1666666666667
2962,576,353.7366666666667
2963,633,404.3666666666667
2964,752,487.87666666666667
2965,782,561.81
2966,698,561.2733333333333
2967,599,478.9483333333333
2968,483,361.6933333333333
2969,361,256.62
2970,257,193.655753968254
2971,211,174.07666666666665
2972,193,144.12
2973,244,189.56
2974,368,294.9033333333333
2975,490,394.41
2976,522,416.20244444444444
2977,525,314.57166666666666
2978,525,219.38333333333333
2979,443,380.1333333333333
2980,415,376.96
2981,358,343.3066666666667
2982,354,301.9433333333333
2983,406,281.22194444444443
2984,419,270.4563888888889
2985,494,319.12333333333333
2986,529,451.6333333333333
2987,603,431.75666666666666
2988,735,505.3367222222223
2989,752,579.2691666666667
2990,675,557.2766666666666
2991,616,472.1766666666667
2992,470,381.3833333333333
2993,375,320.3666666666667
2994,275,197.54627777777785
2995,233,201.78199999999998
2996,272,162.53377777777777
2997,344,208.28333333333333
2998,449,263.04158333333334
2999,570,375.18333333333334
3000,541,357.0933333333333
3001,551,471.2153333333334
3002,536,442.08033333333333
3003,497,345.3
3004,483,331.0833333333333
3005,431,316.52666666666664
3006,359,311.59222222222223
3007,356,374.9266666666667
3008,355,355.1533333333333
3009,407,356.86833333333334
3010,554,423.503
3011,582,472.37166666666667
3012,702,486.7995
3013,763,606.6758333333333
3014,678,527.2916666666666
3015,572,458.30333333333334
3016,448,404.0586666666667
3017,346,317.717
3018,241,243.23055555555553
3019,196,257.35
3020,179,189.42277777777778
3021,220,235.59666666666666
3022,355,322.7733333333333
3023,524,336.75
3024,1114,442.18333333333334
3025,1207,427.6666666666667
3026,1216,395.81333333333333
3027,1103,389.45666666666665
3028,908,375.11
3029,701,304.36
3030,612,287.5
3031,559,279.3713888888889
3032,522,281.7511111111111
3033,576,307.08
3034,611,422.02233333333334
3035,650,440.58427777777774
3036,727,524.2302222222222
3037,787,665.5566666666666
3038,696,499.24666666666667
3039,622,653.9
3040,540,465.36955555555545
3041,420,281.9261111111111
3042,295,268.53555555555556
3043,252,202.47222222222223
3044,220,203.77
3045,230,228.75666666666666
3046,306,277.4311111111111
3047,473,371.54622222222224
3048,593,472.52861111111105
3049,651,462.63
3050,676,415.52
3051,590,369.82
3052,525,357.69166666666666
3053,479,342.09
3054,400,282.27475396825406
3055,377,293.68333333333334
3056,394,274.49527777777774
3057,389,296.9633333333333
3058,486,379.47266666666667
3059,553,496.3227777777778
3060,634,445.4753888888889
3061,657,511.80333333333334
3062,628,544.1074603174602
3063,622,464.2966666666667
3064,525,379.495
3065,412,569.0866666666667
3066,333,283.99333333333334
3067,315,212.15
3068,256,169.08666666666667
3069,245,198.76333333333332
3070,257,244.27666666666667
3071,358,375.00666666666666
3072,480,432.8666666666667
3073,500,413.60333333333335
3074,561,395.81333333333333
3075,491,381.75
3076,482,398.99
3077,460,344.33
3078,397,294.01
3079,380,303.66
3080,561,352.7866666666667
3081,596,362.68333333333334
3082,684,464.3666666666667
3083,898,458.68333333333334
3084,997,585.872888888889
3085,1092,624.99
3086,940,598.6066666666667
3087,786,601.3077777777778
3088,626,553.04
3089,503,416.6666666666667
3090,385,314.0733333333333
3091,379,209.21
3092,338,203.17666666666668
3093,364,210.20666666666668
3094,474,309.99
3095,662,391.64
3096,649,411.63666666666666
3097,660,454.04
3098,600,469.11333333333334
3099,547,425.33666666666664
3100,530,378.49666666666667
3101,475,322.1166666666667
3102,416,278.1333333333333
3103,427,312.16833333333335
3104,405,287.1356666666667
3105,462,294.91333333333336
3106,561,370.12666666666667
3107,641,420.8672222222222
3108,733,484.14805555555563
3109,760,541.22
3110,695,558.37
3111,571,479.00333333333333
3112,469,371.23
3113,377,301.95
3114,251,237.6082222222222
3115,226,165.68066666666667
3116,176,157.28666666666666
3117,250,211.58666666666667
3118,410,294.9033333333333
3119,515,396.8377777777778
3120,557,413.28
3121,547,459.3305555555555
3122,518,419.0771111111111
3123,447,345.14
3124,413,336.50666666666666
3125,393,206.01333333333332
3126,363,282.32033333333334
3127,325,295.1458333333333
3128,333,275.6630555555555
3129,373,341.585
3130,471,394.75399999999996
3131,587,464.9558333333333
3132,670,574.45
3133,695,538.3833333333333
3134,642,718.6566666666666
3135,536,464.1166666666667
3136,441,366.6751111111111
3137,325,312.3416666666667
3138,232,192.33666666666667
3139,190,175.06333333333333
3140,167,181.44
3141,205,234.59
3142,325,380.26666666666665
3143,460,444.0833333333333
3144,474,404.2377222222222
3145,497,473.39
3146,491,434.95533333333333
3147,416,415.89666666666665
3148,389,333.55
3149,364,387.91
3150,331,458.55
3151,422,356.1433333333333
3152,437,399.2
3153,479,302.43
3154,553,388.9
3155,603,465.1566666666667
3156,678,613.0741666666667
3157,727,570.2866666666666
3158,645,561.3666666666667
3159,559,558.04
3160,473,421.7545555555555
3161,387,660.88
3162,269,182.80666666666667
3163,195,208.43
3164,181,149.48666666666668
3165,254,192.97333333333333
3166,352,262.20666666666665
3167,485,374.76
3168,509,438.82
3169,537,480.06333333333333
3170,501,431.0733333333333
3171,438,393.8466666666667
3172,412,389.4166666666667
3173,384,312.47333333333336
3174,340,289.66333333333336
3175,328,329.04
3176,390,278.00333333333333
3177,473,363.03333333333336
3178,572,464.4726666666666
3179,529,453.22
3180,575,519.5894285714286
3181,283,548.7833333333333
3182,0,591.9
3183,0,482.06333333333333
3184,272,424.7255555555555
3185,327,602.7166666666667
3186,245,247.6
3187,0,248.08
3188,102,204.615
3189,173,163.98333333333332
3190,61,292.1666666666667
3191,0,363.02666666666664
3192,0,423.77
3193,0,462.43333333333334
3194,0,462.66333333333336
3195,0,394.9766666666667
3196,97,363.29
3197,281,331.4633333333333
3198,0,301.74
3199,0,279.78
3200,173,284.1933333333333
3201,95,307.92
3202,258,331.9266666666667
3203,0,413.95166666666665
3204,0,546.9211111111111
3205,142,638.9833333333333
3206,351,588.2052500000001
3207,264,551.4133333333333
3208,443,395.99844444444443
3209,252,537.14
3210,266,214.52444444444444
3211,137,184.09383333333335
3212,75,162.99566666666666
3213,164,190.89333333333335
3214,16,247.99333333333334
3215,226,375.395
3216,391,431.38905555555556
3217,459,453.30388888888893
3218,438,415.0366666666667
3219,398,377.8933333333333
3220,401,333.72
3221,368,337.6333333333333
3222,108,307.13
3223,245,280.7266666666667
3224,133,267.81333333333333
3225,296,329.73333333333335
3226,0,395.7366666666667
3227,366,431.18666666666667
3228,0,514.4991666666666
3229,0,656.1433333333333
3230,108,543.6406944444444
3231,477,653.51
3232,433,397.2084444444444
3233,333,333.375
3234,223,248.31513888888887
3235,180,182.14555555555557
3236,159,205.71333333333334
3237,173,211.41666666666666
3238,208,322.68333333333334
3239,329,365.0133333333333
3240,485,440.13
3241,505,430.47333333333336
3242,508,416.4
3243,483,362.33666666666664
3244,484,371.14666666666665
3245,449,337.25333333333333
3246,398,298.43333333333334
3247,343,284.65
3248,350,276.19
3249,381,324.9433333333333
3250,485,356.25333333333333
3251,587,452.36
3252,669,520.8501666666666
3253,709,608.1233333333333
3254,655,541.2633333333333
3255,519,443.26
3256,418,379.14
3257,308,288.0233333333333
3258,199,215.37633333333335
3259,174,170.05333333333334
3260,155,227.77666666666667
3261,200,158.28333333333333
3262,346,244.98
3263,490,400.63444444444445
3264,540,411.56333333333333
3265,546,425.45666666666665
3266,511,432.75333333333333
3267,449,367.11333333333334
3268,402,332.9653333333334
3269,350,321.36333333333334
3270,306,294.8925
3271,304,267.28
3272,321,267.65
3273,346,310.89
3274,461,408.2866666666667
3275,534,453.96666666666664
3276,638,456.3252777777777
3277,673,575.0266666666666
3278,628,572.07
3279,515,457.19666666666666
3280,421,405.0005714285714
3281,304,336.63
3282,195,216.29222222222225
3283,169,167.74916666666667
3284,153,159.55666666666667
3285,214,179.65
3286,353,348.4633333333333
3287,491,381.2111111111111
3288,514,410.08666666666664
3289,508,445.47333333333336
3290,476,437.8811111111111
3291,412,372.35
3292,370,332.12114285714284
3293,362,331.51666666666665
3294,317,301.93666666666667
3295,283,261.21666666666664
3296,305,261.2033333333333
3297,321,301.39
3298,466,364.17
3299,540,394.65
3300,630,460.8575
3301,667,527.77
3302,627,520.62
3303,519,470.36
3304,424,380.2733333333333
3305,306,331.0833333333333
3306,208,216.51
3307,193,170.58666666666667
3308,158,145.57333333333332
3309,170,165.34666666666666
3310,304,294.58
3311,436,391.1622777777777
3312,449,423.61333333333334
3313,490,420.34944444444443
3314,469,443.66333333333336
3315,400,403.02666666666664
3316,368,334.14
3317,310,307.17333333333335
3318,305,307.5733333333333
3319,297,251.89666666666668
3320,318,259.0833333333333
3321,341,313.85333333333335
3322,430,354.74
3323,513,432.8666666666667
3324,648,542.2894444444445
3325,681,582.8566666666667
3326,608,532.0766666666667
3327,515,491.6
3328,408,388.73206349206345
3329,339,291.055
3330,249,224.0344444444445
3331,173,175.29333333333332
3332,150,157.42333333333335
3333,190,194.98
3334,332,259.5133333333333
3335,470,352.5
3336,429,428.19
3337,458,415.14666666666665
3338,449,382.53
3339,354,378.5233333333333
3340,327,398.49666666666667
3341,289,340.5966666666667
3342,251,391.03833333333336
3343,221,348.8833333333333
3344,83,507.4866666666667
3345,298,380.49555555555554
3346,378,438.12666666666667
3347,428,532.8333333333334
3348,391,551.5333333333333
3349,276,566.21
3350,401,499.62666666666667
3351,467,597.2
3352,363,395.8066666666667
3353,292,295.9633333333333
3354,199,204.71666666666667
3355,73,232.9655555555555
3356,8,172.94833333333332
3357,137,194.85166666666666
3358,0,297.61
3359,185,373.5566666666667
3360,172,438.57888888888897
3361,158,443.8380555555555
3362,222,452.2535
3363,209,397.3333333333333
3364,101,346.57
3365,0,338.6766666666667
3366,0,421.5966666666667
3367,0,338.47333333333336
3368,120,272.93666666666667
3369,272,287.99333333333334
3370,354,398.5833333333333
3371,403,453.7366666666667
3372,468,525.4957910052909
3373,451,578.3033333333333
3374,308,523.15
3375,26,452.4533333333333
3376,376,386.37333333333333
3377,286,278.49333333333334
3378,214,202.06066666666666
3379,112,210.46511111111116
3380,88,209.47
3381,160,170.63244444444445
3382,117,294.45
3383,247,403.8302380952381
3384,64,414.09238095238095
3385,0,416.60333333333335
3386,0,428.9141666666667
3387,0,359.62
3388,0,399.36066666666665
3389,227,338.92777777777775
3390,122,280.71666666666664
3391,0,265.12666666666667
3392,0,250.08
3393,0,291.43
3394,0,364.5366666666667
3395,0,401.3833333333333
3396,0,533.6733333333333
3397,0,563.7633333333333
3398,5,555.1466666666666
3399,459,446.23595238095237
3400,0,381.5077777777778
3401,0,290.31
3402,0,206.9588888888889
3403,95,185.57
3404,27,154.85733333333332
3405,0,177.94333333333333
3406,0,284.21
3407,68,368.3933333333333
3408,176,442.61111111111114
3409,0,460.8066666666667
3410,0,443.05333333333334
3411,0,380.2966666666667
3412,0,332.74666666666667
3413,79,303.24333333333334
3414,287,282.08
3415,250,268.3433333333333
3416,0,266.5233333333333
3417,194,291.09
3418,355,331.7183333333333
3419,279,395.38
3420,0,435.4786111111111
3421,0,575.9333333333333
3422,0,556.8133333333334
3423,360,436.78
3424,424,374.0811111111111
3425,319,284.42
3426,197,192.07
3427,165,164.29777777777775
3428,146,162.41666666666666
3429,143,184.82666666666665
3430,229,282.9166666666667
3431,359,362.21666666666664
3432,470,404.46222222222224
3433,502,446.12
3434,539,459.5371111111112
3435,461,397.71
3436,433,362.91333333333336
3437,375,311.83944444444444
3438,330,278.18666666666667
3439,304,273.14666666666665
3440,342,283.81
3441,353,314.71666666666664
3442,420,332.1166666666667
3443,515,448.3233333333333
3444,596,467.6519444444444
3445,658,559.1966666666667
3446,597,524.4566666666667
3447,515,451.3
3448,402,408.65777777777777
3449,294,291.48
3450,223,198.61333333333334
3451,174,228.84666666666666
3452,144,158.07333333333332
3453,160,202.5088888888889
3454,230,290.85
3455,369,398.0569444444444
3456,447,420.8022222222222
3457,512,423.4266666666667
3458,530,401.08183333333335
3459,427,410.99
3460,390,329.4866666666667
3461,367,302.77
3462,319,264.55
3463,288,261.14666666666665
3464,309,267.43666666666667
3465,355,290.82666666666665
3466,472,468.0773333333334
3467,577,523.9666666666667
3468,651,459.46666666666664
3469,782,569.1333333333333
3470,594,509.4066666666667
3471,507,429.93666666666667
3472,371,390.54
3473,277,299.2266666666667
3474,215,191.03555555555556
3475,157,175.02849999999995
3476,150,171.93666666666667
3477,191,163.43
3478,293,318.5466666666667
3479,405,360.69666666666666
3480,449,446.2877777777777
3481,448,404.85
3482,424,412.54333333333335
3483,393,361.43666666666667
3484,380,329.0466666666667
3485,307,291.69666666666666
3486,297,272.0833333333333
3487,264,289.50333333333333
3488,265,281.02
3489,321,303.9166666666667
3490,477,371.5377777777778
3491,531,467.98333333333335
3492,615,529.4169814814815
3493,681,566.9733333333334
3494,623,562.4197777777779
3495,543,467.20666666666665
3496,434,359.21
3497,305,308.26
3498,219,217.11
3499,174,169.40333333333334
3500,146,157.47333333333333
3501,175,186.45333333333335
3502,308,281.53333333333336
3503,424,362.6761111111111
3504,459,462.5877777777777
3505,481,415.23333333333335
3506,472,436.0966666666667
3507,389,357.91333333333336
3508,352,300.39666666666665
3509,318,287.1
3510,273,311.96
3511,270,266.13666666666666
3512,305,289.14666666666665
3513,357,311.50666666666666
3514,440,386.92
3515,512,431.18666666666667
3516,620,508.72722222222217
3517,697,544.16
3518,624,537.0477777777778
3519,532,515.5833333333334
3520,413,370.38
3521,310,584.17
3522,220,326.1566666666667
3523,171,251.54333333333332
3524,179,206.05666666666667
3525,214,210.27333333333334
3526,318,389.81333333333333
3527,418,409.0
3528,432,614.5066666666667
3529,490,568.0
3530,510,495.63
3531,590,505.15
3532,661,505.48
3533,561,416.83666666666664
3534,513,315.71666666666664
3535,445,296.5233333333333
3536,445,276.86
3537,418,315.76
3538,507,426.76666666666665
3539,572,505.5933333333333
3540,615,538.1866666666666
3541,691,547.75
3542,633,526.9433333333334
3543,539,475.72333333333336
3544,466,394.4511111111111
3545,375,293.7866666666667
3546,274,210.915
3547,220,193.16050000000004
3548,184,163.33666666666667
3549,177,150.8211111111111
3550,266,295.31333333333333
3551,421,419.53999206349204
3552,487,443.8577777777777
3553,553,406.05
3554,546,411.06333333333333
3555,501,358.7366666666667
3556,423,318.25666666666666
3557,363,293.13666666666666
3558,321,300.5933333333333
3559,323,277.95666666666665
3560,313,259.16333333333336
3561,349,299.0733333333333
3562,423,399.49
3563,484,450.7733333333333
3564,591,474.45103174603173
3565,605,546.7166666666667
3566,568,532.2366666666667
3567,505,462.37833333333333
3568,406,388.0233333333333
3569,311,267.50333333333333
3570,229,269.1166666666667
3571,176,195.8188888888889
3572,145,201.48666666666668
3573,154,186.3618888888889
3574,191,297.48
3575,336,412.79333333333335
3576,475,428.6122222222222
3577,521,472.0344444444444
3578,567,441.2266666666667
3579,462,392.87333333333333
3580,432,370.2
3581,388,315.14
3582,333,270.82666666666665
3583,290,263.36555555555555
3584,298,264.50666666666666
3585,369,309.77666666666664
3586,459,368.93666666666667
3587,538,445.09
3588,668,469.61333333333334
3589,697,555.18
3590,594,541.4066666666666
3591,484,451.3448253968254
3592,393,360.3
3593,280,285.99333333333334
3594,188,203.11333333333334
3595,164,164.26333333333332
3596,143,153.86
3597,164,169.33
3598,295,257.4866666666667
3599,433,357.41
3600,481,504.12666666666667
3601,526,488.75
3602,474,443.43333333333334
3603,395,401.07666666666665
3604,357,394.2216666666667
3605,323,314.1494444444445
3606,270,292.93333333333334
3607,288,267.1933333333333
3608,313,260.69666666666666
3609,329,295.2866666666667
3610,414,351.7583333333333
3611,534,430.7733333333333
3612,631,464.15
3613,692,569.3766666666667
3614,657,543.95
3615,536,474.58666666666664
3616,407,390.46200000000005
3617,315,291.42
3618,189,183.99666666666667
3619,164,206.34
3620,130,184.40666666666667
3621,173,181.69666666666666
3622,293,303.96
3623,423,358.0833333333333
