,Žl“úŽsŽs,0
0,315,325.6533333333333
1,302,268.29333333333335
2,274,218.97
3,221,163.04
4,180,150.60333333333332
5,176,159.25
6,174,150.45666666666668
7,159,135.92333333333335
8,169,141.17333333333335
9,216,200.35333333333332
10,231,232.85
11,266,271.2486666666667
12,300,320.29
13,343,346.62333333333333
14,333,334.03333333333336
15,287,280.9033333333333
16,235,220.44
17,176,150.33333333333334
18,139,114.3
19,104,83.9
20,82,76.85
21,109,122.10333333333334
22,197,240.09333333333333
23,301,347.8566666666667
24,371,350.6666666666667
25,356,306.9033333333333
26,295,234.32258730158733
27,251,197.82666666666665
28,212,163.746
29,174,153.34
30,157,162.12333333333333
31,161,139.61333333333334
32,155,140.43333333333334
33,170,173.59555555555556
34,224,210.4
35,244,271.92333333333335
36,286,293.7133333333333
37,321,349.1433333333333
38,333,330.8566666666667
39,300,282.06666666666666
40,227,219.94333333333333
41,162,149.17666666666668
42,134,112.84666666666666
43,102,79.40666666666667
44,85,74.82333333333334
45,104,112.65666666666667
46,176,200.21333333333334
47,274,364.64666666666665
48,331,365.87666666666667
49,342,277.9766666666667
50,299,217.2425
51,237,194.24666666666667
52,211,163.16
53,167,158.61
54,150,141.65666666666667
55,141,137.73333333333332
56,143,140.36
57,157,176.78333333333333
58,197,218.37666666666667
59,241,275.38
60,286,321.3433333333333
61,305,359.80333333333334
62,316,345.8233333333333
63,287,287.79
64,217,217.37333333333333
65,160,154.44666666666666
66,117,107.19
67,90,86.38666666666667
68,76,87.13
69,116,123.66333333333333
70,167,239.51666666666668
71,259,359.74666666666667
72,351,362.26
73,334,294.32
74,314,240.57
75,231,204.01
76,194,166.98333333333332
77,176,163.99666666666667
78,152,150.05666666666667
79,148,137.45
80,149,149.97333333333333
81,168,176.54333333333332
82,208,226.53333333333333
83,253,297.4433333333333
84,276,312.8066666666667
85,316,338.44666666666666
86,311,339.3
87,272,289.3
88,217,234.84333333333333
89,165,170.17
90,116,107.34333333333333
91,93,85.31
92,90,76.22666666666667
93,105,133.17333333333335
94,141,242.42333333333335
95,245,352.67
96,321,353.9866666666667
97,323,283.0233333333333
98,284,213.32
99,246,173.94666666666666
100,193,151.76333333333332
101,165,154.71666666666667
102,162,153.46
103,166,154.11666666666667
104,150,149.16
105,160,185.84
106,206,243.44333333333333
107,242,277.26666666666665
108,284,326.06666666666666
109,323,360.0833333333333
110,315,351.94666666666666
111,292,289.3233333333333
112,236,230.80666666666667
113,162,158.34666666666666
114,123,109.50333333333333
115,95,87.68333333333334
116,74,76.08666666666667
117,96,129.32666666666665
118,166,246.06
119,277,355.99
120,346,358.79333333333335
121,315,284.9766666666667
122,281,218.50666666666666
123,222,180.22333333333333
124,186,145.77
125,169,150.64
126,158,150.35333333333332
127,149,155.02
128,144,160.35333333333332
129,173,174.32666666666665
130,240,231.5
131,300,273.94533333333334
132,328,307.69
133,349,353.37333333333333
134,344,327.2966666666667
135,282,278.45666666666665
136,205,213.83666666666667
137,135,158.65
138,98,110.47666666666667
139,71,90.06666666666666
140,80,81.07
141,124,108.56666666666666
142,237,182.77666666666667
143,367,311.61333333333334
144,356,356.86333333333334
145,280,278.63
146,209,232.62833333333333
147,167,198.92
148,169,158.3317777777778
149,133,151.96333333333334
150,140,144.24666666666667
151,135,131.91
152,130,133.78666666666666
153,167,156.1748888888889
154,213,210.74
155,273,251.59333333333333
156,336,304.9066666666667
157,361,337.5933333333333
158,364,330.67333333333335
159,301,291.5566666666667
160,223,230.41666666666666
161,158,162.87666666666667
162,102,118.10199999999999
163,81,83.59666666666666
164,72,77.51666666666667
165,108,110.69333333333333
166,254,219.48333333333332
167,380,333.1433333333333
168,357,354.56666666666666
169,289,293.18666666666667
170,202,246.76833333333335
171,184,197.34333333333333
172,153,170.17333333333335
173,141,133.95
174,136,146.23333333333332
175,147,135.77333333333334
176,146,141.85666666666665
177,161,182.5038888888889
178,198,218.19666666666666
179,262,267.1533333333333
180,332,307.72222222222223
181,376,358.8933333333333
182,366,330.5933333333333
183,293,286.8233333333333
184,218,217.89066666666665
185,156,157.91666666666666
186,118,105.44666666666667
187,83,78.39666666666666
188,91,75.96666666666667
189,107,104.36666666666666
190,217,209.23666666666668
191,361,320.62333333333333
192,347,342.9033333333333
193,252,314.3566666666667
194,190,232.74219841269834
195,169,205.46666666666667
196,155,170.506
197,137,152.11333333333334
198,138,152.72333333333333
199,128,152.52333333333334
200,140,139.47666666666666
201,175,175.48
202,196,224.58333333333334
203,249,283.12333333333333
204,315,311.5833333333333
205,364,355.65
206,361,332.83666666666664
207,303,284.61333333333334
208,216,228.05666666666667
209,156,161.28333333333333
210,112,107.94666666666667
211,80,88.60666666666667
212,92,87.16666666666667
213,113,121.62666666666667
214,253,235.94666666666666
215,388,382.6766666666667
216,354,368.70666666666665
217,263,281.71
218,220,233.1561111111111
219,176,208.78666666666666
220,136,171.00666666666666
221,131,155.01333333333332
222,132,144.07666666666665
223,149,136.53666666666666
224,130,147.11
225,153,178.92666666666668
226,199,220.99
227,242,283.16
228,284,332.25666666666666
229,330,365.04333333333335
230,332,346.5833333333333
231,311,289.3
232,225,221.52666666666667
233,157,155.74
234,119,110.67
235,86,96.75666666666666
236,76,80.83333333333333
237,112,133.32
238,192,254.06
239,298,362.7633333333333
240,361,361.49666666666667
241,339,283.04333333333335
242,271,218.19083333333333
243,223,195.81333333333333
244,182,163.16
245,180,156.78666666666666
246,155,144.51333333333332
247,138,138.22666666666666
248,143,153.14333333333335
249,159,188.81333333333333
250,191,220.33
251,232,284.12333333333333
252,285,336.77666666666664
253,329,355.54333333333335
254,320,341.98
255,262,291.68666666666667
256,215,221.13666666666666
257,169,164.08333333333334
258,114,117.11666666666666
259,86,90.09333333333333
260,75,75.03666666666666
261,96,143.55
262,156,265.25666666666666
263,258,387.7966666666667
264,355,379.07166666666666
265,331,293.69666666666666
266,272,236.57
267,227,202.22
268,183,171.01666666666668
269,159,166.98333333333332
270,153,154.97144444444444
271,143,152.66333333333333
272,146,159.00333333333333
273,157,176.81333333333333
274,206,225.67
275,259,278.931
276,305,331.68
277,351,359.45666666666665
278,349,343.74666666666667
279,302,296.86333333333334
280,216,223.41
281,148,162.73
282,108,109.71
283,82,88.79666666666667
284,74,80.22
285,106,125.93
286,241,234.94333333333333
287,357,335.99666666666667
288,354,344.85
289,283,271.54
290,214,215.85
291,183,204.84
292,161,176.16
293,143,144.01
294,148,168.94666666666666
295,144,154.55
296,133,148.42666666666668
297,143,171.36
298,219,234.12333333333333
299,275,273.3433333333333
300,328,322.99916666666667
301,361,363.58
302,359,349.88666666666666
303,292,296.0
304,215,217.41
305,147,158.65333333333334
306,113,107.94666666666667
307,87,93.51333333333334
308,78,83.23666666666666
309,104,117.31333333333333
310,212,236.78
311,347,339.5233333333333
312,324,345.46
313,243,292.11
314,198,212.02666666666667
315,164,179.93
316,144,164.50666666666666
317,125,144.34666666666666
318,145,156.04
319,142,158.93
320,168,153.84333333333333
321,190,166.59
322,251,220.56666666666666
323,303,270.272
324,355,318.6
325,379,357.64
326,349,341.98
327,291,284.31
328,213,250.52666666666667
329,160,152.07333333333332
330,106,107.12333333333333
331,100,89.23333333333333
332,75,76.29333333333334
333,117,139.19333333333333
334,225,247.92
335,345,327.56666666666666
336,341,344.50666666666666
337,267,291.96
338,194,219.37666666666667
339,164,172.77666666666667
340,163,150.11333333333334
341,147,146.74333333333334
342,151,152.89333333333335
343,140,145.34666666666666
344,133,138.73333333333332
345,172,188.41333333333333
346,210,245.98666666666668
347,270,277.26666666666665
348,345,325.7966666666667
349,372,372.79
350,355,346.3
351,283,290.82666666666665
352,217,219.40666666666667
353,158,156.48333333333332
354,112,108.43666666666667
355,79,94.62
356,92,76.49333333333334
357,129,131.34
358,242,276.9
359,396,358.74333333333334
360,360,349.60033333333337
361,273,286.98
362,218,229.83666666666667
363,197,186.34
364,159,187.56
365,131,156.85
366,135,182.24
367,142,160.44
368,143,170.28333333333333
369,154,172.08333333333334
370,207,220.64333333333335
371,266,272.31333333333333
372,315,321.11333333333334
373,354,369.21
374,356,344.4633333333333
375,295,293.27666666666664
376,227,220.25
377,148,156.74666666666667
378,107,108.93
379,83,95.01666666666667
380,91,78.09666666666666
381,111,125.03666666666666
382,269,297.685
383,365,364.76
384,350,347.06166666666667
385,283,276.58
386,218,211.77666666666667
387,168,188.44666666666666
388,147,172.44666666666666
389,143,159.31
390,145,165.30666666666667
391,130,170.28
392,129,160.97
393,157,171.94333333333333
394,199,217.13
395,247,269.34
396,284,357.2966666666667
397,324,368.00333333333333
398,326,345.06666666666666
399,275,305.3066666666667
400,217,213.38666666666666
401,162,154.38666666666666
402,114,112.74
403,85,87.8
404,80,79.57666666666667
405,103,118.76333333333334
406,195,258.07666666666665
407,289,359.06666666666666
408,323,349.6766666666667
409,305,289.11
410,244,230.50333333333333
411,203,191.79333333333332
412,168,152.32333333333332
413,163,167.15666666666667
414,137,148.93666666666667
415,135,168.54333333333332
416,142,161.94
417,158,181.60333333333332
418,199,218.58
419,245,276.07
420,281,334.6533333333333
421,327,352.7366666666667
422,300,351.68333333333334
423,250,288.5966666666667
424,212,217.05333333333334
425,158,149.69
426,117,107.42
427,84,89.27666666666667
428,76,86.64666666666666
429,67,115.14666666666666
430,94,229.6
431,203,353.07
432,260,349.3933333333333
433,255,287.63
434,226,220.29333333333332
435,179,190.25666666666666
436,149,163.04666666666665
437,139,161.29333333333332
438,124,154.08
439,130,169.53
440,123,159.86
441,157,173.67
442,201,215.96333333333334
443,248,264.0133333333333
444,293,357.24333333333334
445,292,371.3666666666667
446,284,344.41333333333336
447,254,304.7733333333333
448,218,213.58333333333334
449,144,152.62666666666667
450,110,110.71
451,76,88.46333333333334
452,61,85.05333333333333
453,48,127.68
454,140,257.81
455,246,337.31
456,314,345.73333333333335
457,220,296.6433333333333
458,184,223.66666666666666
459,161,172.81333333333333
460,128,159.68333333333334
461,113,147.12
462,120,156.67666666666668
463,123,175.99666666666667
464,109,184.9
465,119,282.1566666666667
466,151,434.8433333333333
467,205,95.32666666666667
468,267,379.7323888888888
469,313,444.7266666666667
470,287,402.2733333333333
471,271,296.7866666666667
472,256,258.6566666666667
473,231,226.03333333333333
474,236,164.67
475,210,150.52833333333334
476,237,142.89333333333335
477,302,173.12333333333333
478,404,345.19666666666666
479,421,337.05
480,338,337.1166666666667
481,261,289.0933333333333
482,224,223.6
483,206,188.68333333333334
484,187,168.38333333333333
485,169,168.9
486,165,155.73333333333332
487,158,153.69333333333333
488,123,164.35333333333332
489,141,178.96
490,173,218.16
491,226,283.18333333333334
492,285,320.0733333333333
493,326,355.7866666666667
494,314,352.89666666666665
495,288,289.9033333333333
496,219,212.12333333333333
497,153,153.67
498,115,116.41666666666667
499,88,84.42333333333333
500,78,75.58666666666667
501,77,127.11333333333333
502,209,250.16666666666666
503,340,358.63666666666666
504,329,363.71666666666664
505,274,293.25333333333333
506,202,240.96222222222218
507,156,211.69
508,158,170.35333333333332
509,132,155.96333333333334
510,147,153.90666666666667
511,145,140.02666666666667
512,143,137.30666666666667
513,162,176.46355555555556
514,222,209.10666666666665
515,266,259.14666666666665
516,307,326.43666666666667
517,372,373.67
518,356,355.81
519,292,295.9033333333333
520,228,217.71
521,163,153.43666666666667
522,111,106.02666666666667
523,80,95.52333333333333
524,80,77.79333333333334
525,138,126.07666666666667
526,276,248.57333333333332
527,386,352.30333333333334
528,381,371.33
529,294,294.63666666666666
530,215,232.30555555555551
531,183,216.22666666666666
532,181,170.50333333333333
533,148,156.12
534,146,161.9675
535,147,143.64333333333335
536,135,139.62666666666667
537,165,178.89333333333335
538,203,221.00666666666666
539,276,270.39
540,329,316.16333333333336
541,371,364.23
542,340,349.78
543,299,308.74
544,216,222.93333333333334
545,155,164.57333333333332
546,108,114.02
547,83,86.55333333333333
548,82,76.83333333333333
549,134,122.25333333333333
550,260,235.69
551,386,378.11333333333334
552,376,382.33
553,275,282.9033333333333
554,225,246.08666666666662
555,169,212.05
556,167,167.67333333333335
557,157,148.48666666666668
558,147,145.68666666666667
559,141,135.47666666666666
560,142,140.22666666666666
561,154,176.76777777777775
562,193,208.23666666666668
563,255,265.08
564,286,324.3788888888889
565,337,363.28
566,325,342.73333333333335
567,296,298.8933333333333
568,221,213.33666666666667
569,157,152.80333333333334
570,114,117.45333333333333
571,82,89.50333333333333
572,65,77.40333333333334
573,66,115.69
574,139,241.07333333333332
575,232,322.9033333333333
576,303,377.18333333333334
577,302,305.45666666666665
578,289,239.9222222222222
579,201,201.04444444444442
580,180,169.1
581,163,148.49666666666667
582,123,149.10333333333332
583,118,134.33
584,117,158.30436507936508
585,127,171.25666666666666
586,149,226.61333333333334
587,184,269.3566666666667
588,214,323.8644444444445
589,285,337.50333333333333
590,263,342.2
591,235,288.1
592,197,216.618
593,141,155.85333333333332
594,108,108.13666666666667
595,78,94.62
596,56,80.28666666666666
597,55,114.19
598,99,217.844
599,208,283.7366666666667
600,303,357.79
601,295,307.0566666666667
602,238,255.34333333333333
603,204,214.5311111111111
604,171,186.58
605,150,153.27333333333334
606,134,139.34666666666666
607,119,142.98333333333332
608,112,143.68083333333334
609,117,169.32666666666665
610,148,241.54
611,202,264.3516666666667
612,246,291.69666666666666
613,299,340.71666666666664
614,303,310.6
615,238,286.08
616,182,218.32
617,141,157.12333333333333
618,97,112.94333333333333
619,73,103.39
620,52,90.91
621,70,107.27333333333333
622,181,211.66499999999996
623,296,344.1566666666667
624,308,340.58666666666664
625,255,290.27666666666664
626,190,253.49
627,147,218.92
628,129,186.79333333333332
629,120,186.42416666666668
630,136,148.61666666666667
631,135,144.2261111111111
632,104,153.5220873015873
633,117,171.73
634,147,234.22666666666666
635,213,264.68666666666667
636,268,297.6333333333333
637,306,336.87333333333333
638,299,313.36333333333334
639,255,282.67333333333335
640,193,214.59666666666666
641,148,157.73333333333332
642,105,128.15
643,68,107.42333333333333
644,57,87.08666666666667
645,59,111.69
646,127,239.2
647,290,329.5566666666667
648,281,341.00333333333333
649,222,255.67333333333335
650,198,204.43833333333333
651,142,194.62333333333333
652,140,186.91666666666666
653,120,171.57333333333332
654,136,161.74666666666667
655,134,156.64
656,113,147.50333333333333
657,140,187.74666666666667
658,167,382.66333333333336
659,237,216.86
660,303,327.45527777777784
661,336,339.72
662,326,349.6566666666667
663,271,294.83
664,209,218.90666666666667
665,151,156.1
666,108,110.72333333333333
667,89,88.52
668,67,85.3
669,76,116.37666666666667
670,195,222.94666666666666
671,318,379.08
672,318,367.9
673,239,277.1333333333333
674,186,224.10555555555553
675,148,199.67
676,142,168.63266666666667
677,128,164.23333333333332
678,130,150.62666666666667
679,130,135.9
680,111,139.46666666666667
681,123,176.6977777777778
682,153,210.35333333333332
683,206,268.67
684,259,331.15555555555557
685,309,365.57666666666665
686,317,359.6566666666667
687,259,295.41333333333336
688,201,212.91666666666666
689,145,150.16
690,109,109.53
691,71,91.91
692,72,78.11333333333333
693,69,120.52
694,157,245.80666666666667
695,326,367.18666666666667
696,323,367.64
697,242,284.37333333333333
698,209,222.94944444444442
699,162,196.08666666666667
700,139,168.85
701,122,163.56
702,131,148.78666666666666
703,129,135.88666666666666
704,102,150.47666666666666
705,113,177.40666666666667
706,149,213.83666666666667
707,193,268.13666666666666
708,256,338.47
709,297,377.98
710,301,359.05
711,255,303.60333333333335
712,209,225.07333333333332
713,139,161.20333333333335
714,99,113.98333333333333
715,83,92.19666666666667
716,63,76.2
717,58,133.79
718,154,282.0833333333333
719,298,360.39666666666665
720,285,348.69
721,212,281.13
722,184,203.57333333333332
723,134,186.4
724,122,158.86333333333334
725,124,143.50666666666666
726,126,168.05333333333334
727,115,154.69
728,94,149.74800000000002
729,104,197.78
730,139,231.76666666666668
731,187,273.38666666666666
732,230,332.5266666666667
733,274,343.15
734,288,336.9866666666667
735,250,291.38666666666666
736,194,232.21333333333334
737,162,158.96666666666667
738,109,107.94666666666667
739,82,97.53666666666666
740,66,83.44
741,70,127.74
742,147,268.61833333333334
743,243,372.23
744,301,379.4066666666667
745,259,291.9033333333333
746,245,228.36666666666667
747,186,185.91666666666666
748,152,182.03666666666666
749,140,168.5
750,147,166.88666666666666
751,130,152.75277777777777
752,110,159.33666666666667
753,119,183.35333333333332
754,143,218.71
755,187,278.39
756,219,317.62
757,252,344.73333333333335
758,267,339.44666666666666
759,232,304.29
760,185,219.32333333333332
761,145,155.34333333333333
762,104,112.24333333333334
763,93,90.01666666666667
764,66,81.64666666666666
765,55,116.54666666666667
766,94,237.49
767,180,372.23
768,259,388.4166666666667
769,254,254.80666666666667
770,210,198.86
771,174,184.03
772,149,160.15333333333334
773,137,148.79666666666665
774,136,171.02
775,121,155.37666666666667
776,96,150.08333333333334
777,111,174.28333333333333
778,153,223.63
779,197,277.24333333333334
780,242,333.7306746031746
781,276,345.43666666666667
782,293,335.26666666666665
783,252,282.99666666666667
784,183,214.08666666666667
785,139,154.61333333333334
786,89,111.84666666666666
787,75,92.67
788,65,90.32
789,50,120.46
790,140,265.98333333333335
791,292,384.3066666666667
792,286,367.0133333333333
793,241,283.0466666666667
794,180,220.28333333333333
795,173,196.01666666666668
796,127,165.55666666666667
797,135,165.89
798,115,156.21055555555554
799,105,149.13222222222223
800,109,150.34
801,133,187.44333333333333
802,159,233.11333333333334
803,208,278.44
804,258,321.4838888888889
805,321,344.71666666666664
806,310,334.91
807,259,289.4533333333333
808,205,210.81333333333333
809,142,157.19333333333333
810,102,114.73333333333333
811,76,95.165
812,76,86.77333333333333
813,62,149.48666666666668
814,169,255.37333333333333
815,333,342.94666666666666
816,315,339.76
817,234,282.31
818,196,211.31333333333333
819,160,190.22666666666666
820,137,163.53
821,136,152.47
822,114,152.44111111111113
823,120,149.4011111111111
824,112,153.135
825,122,183.41666666666666
826,167,232.35666666666665
827,210,275.27
828,259,323.1044444444445
829,305,333.9066666666667
830,308,338.4866666666667
831,268,291.02666666666664
832,196,218.09111111111113
833,138,160.97000000000003
834,93,125.13222222222221
835,70,97.745
836,57,89.80666666666667
837,84,135.68666666666667
838,145,313.95866666666666
839,283,348.25333333333333
840,301,341.1766666666667
841,237,286.9866666666667
842,174,221.93333333333334
843,148,189.60333333333332
844,134,179.58666666666667
845,121,172.64666666666668
846,134,148.97833333333332
847,136,142.7172222222222
848,106,153.59930952380952
849,121,174.13
850,149,233.17333333333335
851,199,268.6766666666667
852,255,305.8566666666667
853,303,346.5133333333333
854,309,339.3933333333333
855,259,293.62
856,192,220.21333333333334
857,151,158.60333333333332
858,96,125.72666666666667
859,71,100.8
860,56,90.33666666666667
861,74,103.77666666666667
862,176,239.82716666666664
863,325,393.03333333333336
864,343,350.4033333333333
865,249,291.63666666666666
866,208,231.65333333333334
867,184,220.98666666666668
868,147,191.76333333333332
869,128,151.28
870,138,145.93
871,118,132.29333333333332
872,108,147.01333333333332
873,125,177.37666666666667
874,161,216.01666666666668
875,206,275.7033333333333
876,247,316.28
877,289,319.7866666666667
878,308,327.2366666666667
879,258,286.57666666666665
880,195,216.82911111111113
881,133,154.72666666666666
882,98,113.36333333333333
883,69,109.87666666666667
884,63,83.38666666666667
885,70,128.79
886,127,250.37
887,275,339.9866666666667
888,280,322.95
889,233,282.5466666666667
890,212,262.23
891,237,201.86333333333334
892,203,189.41
893,185,168.80333333333334
894,230,194.36333333333334
895,195,200.24
896,166,193.84333333333333
897,158,196.53666666666666
898,192,246.96666666666667
899,239,274.8068333333333
900,248,325.2730555555556
901,275,389.5733333333333
902,293,349.48
903,265,285.27666666666664
904,227,234.16666666666666
905,170,157.89149999999998
906,119,114.49
907,99,87.11666666666666
908,94,100.07
909,79,100.54333333333334
910,152,187.45350000000002
911,259,314.94
912,301,340.77
913,284,254.53333333333333
914,248,203.70333333333335
915,180,180.9125
916,153,158.38333333333333
917,142,152.29
918,138,151.93444444444444
919,139,149.79777777777775
920,116,150.06
921,122,181.12666666666667
922,158,222.43
923,184,273.3466666666667
924,206,335.5777777777778
925,262,359.6433333333333
926,266,326.51666666666665
927,242,301.98
928,198,224.37333333333333
929,154,155.42
930,130,109.48
931,81,90.62
932,63,79.92333333333333
933,55,133.37666666666667
934,101,287.74
935,169,337.03333333333336
936,238,353.01666666666665
937,262,295.02
938,219,220.075
939,177,174.74333333333334
940,152,158.37666666666667
941,136,145.00666666666666
942,133,150.28
943,120,152.94666666666666
944,105,145.81
945,117,173.13333333333333
946,168,226.78
947,236,273.6
948,265,334.36500000000007
949,292,343.96
950,304,340.50666666666666
951,250,289.1933333333333
952,190,232.00633333333332
953,143,156.79333333333332
954,93,136.48666666666668
955,75,88.49666666666667
956,74,98.35666666666667
957,66,133.41333333333333
958,129,234.30333333333334
959,309,344.45
960,286,335.47333333333336
961,229,290.94666666666666
962,207,238.87833333333333
963,176,197.23333333333332
964,174,168.03333333333333
965,157,174.28666666666666
966,173,154.24666666666667
967,139,148.65333333333334
968,121,146.02666666666667
969,146,190.29
970,173,227.46333333333334
971,225,278.11766666666665
972,304,336.52700000000004
973,329,343.66
974,324,343.01666666666665
975,277,290.81
976,211,231.64799999999997
977,151,156.54
978,106,109.12333333333333
979,80,97.28666666666666
980,83,83.84333333333333
981,75,128.84
982,184,273.5933333333333
983,333,374.71666666666664
984,325,366.89666666666665
985,236,278.18666666666667
986,207,206.79666666666665
987,158,190.27666666666667
988,139,190.92333333333335
989,125,146.81666666666666
990,125,174.7
991,131,174.12666666666667
992,108,179.01
993,115,192.14
994,226,253.86666666666667
995,428,278.26666666666665
996,432,321.45705555555554
997,380,343.05
998,354,331.98
999,288,294.62333333333333
1000,213,223.23166666666665
1001,157,159.49666666666667
1002,118,108.89
1003,82,87.4
1004,75,88.91666666666667
1005,94,134.88666666666666
1006,223,242.17333333333335
1007,314,337.86333333333334
1008,300,341.02666666666664
1009,237,276.56666666666666
1010,185,220.67
1011,166,173.28
1012,151,158.93333333333334
1013,137,155.37666666666667
1014,144,160.86333333333334
1015,128,159.02333333333334
1016,123,148.27666666666667
1017,129,172.96666666666667
1018,163,216.19666666666666
1019,213,257.8566666666667
1020,280,329.29733333333337
1021,323,343.15
1022,330,341.81333333333333
1023,273,294.19666666666666
1024,205,217.82
1025,140,159.44333333333333
1026,103,109.02666666666667
1027,104,96.19
1028,65,78.7
1029,67,124.02333333333333
1030,197,292.6333333333333
1031,335,371.22333333333336
1032,334,351.67
1033,266,276.2633333333333
1034,214,207.25
1035,178,187.07333333333332
1036,141,158.59666666666666
1037,136,165.01666666666668
1038,145,152.4361111111111
1039,117,149.85555555555555
1040,126,150.03
1041,120,187.55333333333334
1042,157,234.16666666666666
1043,213,275.01666666666665
1044,257,323.8444444444445
1045,299,335.31333333333333
1046,308,325.52
1047,273,283.01666666666665
1048,199,212.10666666666665
1049,153,153.7
1050,112,107.66666666666667
1051,77,106.12
1052,59,83.09666666666666
1053,62,130.88666666666666
1054,176,307.44666666666666
1055,296,343.67
1056,299,339.4866666666667
1057,247,289.73
1058,163,211.81333333333333
1059,142,176.88333333333333
1060,118,160.69
1061,126,151.69
1062,139,152.85777777777776
1063,100,152.95333333333335
1064,142,152.87333333333333
1065,138,182.61666666666667
1066,178,224.33333333333334
1067,206,273.31666666666666
1068,225,329.56884126984124
1069,276,515.76
1070,282,370.85
1071,248,316.2
1072,213,266.75111111111113
1073,162,189.89333333333335
1074,122,139.16666666666666
1075,105,91.51666666666667
1076,122,79.76666666666667
1077,107,140.44666666666666
1078,148,270.13
1079,228,347.3666666666667
1080,278,346.0466666666667
1081,284,273.98333333333335
1082,238,207.75
1083,186,178.91333333333333
1084,164,160.36666666666667
1085,159,173.35
1086,142,189.93333333333334
1087,154,190.97666666666666
1088,136,206.9
1089,164,251.11666666666667
1090,198,382.75
1091,231,283.50433333333336
1092,307,390.21683333333334
1093,326,376.0833333333333
1094,309,338.0966666666667
1095,287,285.13666666666666
1096,242,214.7957777777778
1097,185,160.32333333333332
1098,135,105.74333333333334
1099,112,90.50333333333333
1100,91,86.99333333333334
1101,113,115.91
1102,133,234.65666666666667
1103,212,336.27
1104,286,349.10369047619054
1105,283,272.5233333333333
1106,248,201.0
1107,235,195.88666666666666
1108,185,161.13666666666666
1109,157,153.94
1110,146,163.28333333333333
1111,129,161.96
1112,122,162.63333333333333
1113,132,171.94333333333333
1114,167,228.17666666666668
1115,221,271.57
1116,265,311.79
1117,298,371.2033333333333
1118,314,338.4
1119,267,307.5233333333333
1120,204,225.07
1121,148,158.04333333333332
1122,105,106.24666666666667
1123,77,90.01666666666667
1124,75,80.5
1125,91,119.33
1126,198,227.56666666666666
1127,338,346.5833333333333
1128,325,367.67
1129,258,291.93333333333334
1130,193,235.53333333333333
1131,190,190.81333333333333
1132,151,180.40666666666667
1133,151,166.02666666666667
1134,143,175.05333333333334
1135,124,152.2816984126984
1136,138,162.45333333333335
1137,163,188.82333333333332
1138,174,215.85
1139,222,268.7366666666667
1140,272,352.48333333333335
1141,318,372.39
1142,310,338.9533333333333
1143,293,298.28333333333336
1144,221,230.70333333333335
1145,147,159.65
1146,103,112.62
1147,85,89.51333333333334
1148,65,74.47333333333333
1149,91,118.39
1150,217,247.38
1151,310,375.05333333333334
1152,320,377.4866666666667
1153,282,294.8333333333333
1154,203,217.85666666666665
1155,168,195.17666666666668
1156,154,186.18666666666667
1157,158,164.37666666666667
1158,141,167.08
1159,116,161.444753968254
1160,121,156.39
1161,119,190.83
1162,161,229.09
1163,213,263.4766666666667
1164,282,320.5577777777778
1165,309,335.63666666666666
1166,311,331.44
1167,275,289.7033333333333
1168,195,211.11666666666667
1169,143,154.86833333333334
1170,104,106.74
1171,76,98.88333333333334
1172,62,85.19333333333333
1173,83,122.86666666666666
1174,181,254.13966666666664
1175,295,352.78333333333336
1176,307,347.38666666666666
1177,247,285.2366666666667
1178,190,214.74
1179,176,196.31333333333333
1180,145,173.15333333333334
1181,136,161.64888888888888
1182,149,155.20777777777775
1183,113,142.68777777777777
1184,123,147.36166666666668
1185,134,179.09333333333333
1186,154,229.50333333333333
1187,207,273.92
1188,269,313.0475
1189,302,337.07
1190,300,326.19666666666666
1191,259,285.06666666666666
1192,193,221.48833333333334
1193,147,159.64333333333335
1194,103,131.21
1195,90,95.165
1196,68,91.56666666666666
1197,69,133.90666666666667
1198,194,237.27916666666667
1199,317,339.6166666666667
1200,315,370.38
1201,263,314.5833333333333
1202,216,244.58333333333334
1203,182,225.015
1204,146,192.82333333333332
1205,136,149.78111111111113
1206,149,152.83666666666667
1207,133,135.39333333333335
1208,108,151.89103174603179
1209,119,174.11666666666667
1210,155,218.41333333333333
1211,216,258.35333333333335
1212,266,300.63666666666666
1213,296,338.97333333333336
1214,299,322.11
1215,257,283.7133333333333
1216,201,214.19666666666666
1217,143,156.99666666666667
1218,117,122.61666666666666
1219,74,91.77166666666666
1220,64,85.18
1221,66,128.19
1222,171,248.50311111111105
1223,287,352.41
1224,308,339.87666666666667
1225,261,307.81333333333333
1226,186,227.86
1227,164,184.39333333333335
1228,142,168.2
1229,140,163.93555555555554
1230,134,153.91333333333333
1231,124,174.71107936507937
1232,108,175.99833333333333
1233,114,185.24333333333334
1234,159,234.92333333333335
1235,215,274.1666666666667
1236,242,298.8233333333333
1237,278,338.5566666666667
1238,272,322.61
1239,236,284.57666666666665
1240,202,221.94
1241,148,153.49666666666667
1242,116,140.97666666666666
1243,82,90.12833333333333
1244,82,132.94
1245,84,116.63
1246,112,202.94083333333333
1247,215,354.8466666666667
1248,275,339.0233333333333
1249,270,288.1166666666667
1250,239,216.70666666666668
1251,206,191.58333333333334
1252,172,182.64666666666668
1253,151,179.178
1254,130,143.39
1255,129,144.2261111111111
1256,128,153.5220873015873
1257,131,172.4
1258,157,225.02333333333334
1259,184,254.01666666666668
1260,212,311.87666666666667
1261,259,351.14
1262,270,324.93333333333334
1263,238,292.05333333333334
1264,200,212.05
1265,150,155.63333333333333
1266,112,112.44666666666667
1267,86,97.67666666666666
1268,79,84.2
1269,65,129.68333333333334
1270,90,265.28333333333336
1271,179,357.2866666666667
1272,262,372.54333333333335
1273,261,293.9433333333333
1274,225,213.78
1275,198,190.86333333333334
1276,168,180.48666666666668
1277,143,170.35
1278,134,158.50333333333333
1279,119,146.3115873015873
1280,112,181.885
1281,123,169.64666666666668
1282,164,225.38666666666666
1283,203,266.2133333333333
1284,251,319.01
1285,289,346.39666666666665
1286,285,327.22
1287,247,286.58666666666664
1288,206,253.38133333333332
1289,152,216.57
1290,102,133.11333333333334
1291,81,95.05
1292,58,88.43
1293,66,126.13
1294,163,238.80666666666667
1295,278,359.78
1296,308,352.70666666666665
1297,248,316.16
1298,198,209.03666666666666
1299,153,198.22666666666666
1300,148,190.67
1301,126,184.6
1302,145,165.225
1303,128,153.58833333333334
1304,101,164.45166666666665
1305,119,184.58666666666667
1306,169,209.44333333333333
1307,218,249.08
1308,248,332.15
1309,302,348.26666666666665
1310,301,328.13666666666666
1311,255,286.06666666666666
1312,210,214.76133333333334
1313,157,154.36166666666668
1314,98,106.59
1315,72,94.88666666666667
1316,59,80.71
1317,70,130.01333333333332
1318,191,241.665
1319,324,351.1566666666667
1320,330,349.2418333333333
1321,265,291.05333333333334
1322,216,221.62666666666667
1323,171,186.46
1324,131,193.37333333333333
1325,133,187.52666666666667
1326,146,166.55666666666667
1327,110,150.7404206349206
1328,116,144.925
1329,110,175.48
1330,147,226.13333333333333
1331,212,277.30333333333334
1332,265,310.1433333333333
1333,301,348.3466666666667
1334,298,325.72
1335,258,283.99666666666667
1336,197,215.85666666666665
1337,162,163.70879365079364
1338,104,111.32
1339,80,101.43166666666667
1340,57,108.44
1341,58,135.25666666666666
1342,159,209.73583333333335
1343,299,357.07
1344,307,347.2033333333333
1345,241,285.05333333333334
1346,177,211.84
1347,168,191.55
1348,140,169.12333333333333
1349,129,152.35333333333332
1350,128,148.69333333333333
1351,105,148.8461904761905
1352,113,149.01944444444442
1353,116,178.19666666666666
1354,142,227.04
1355,204,271.957
1356,257,311.4683333333333
1357,309,336.9448888888889
1358,291,328.45
1359,253,272.72
1360,189,209.48111111111112
1361,164,167.65223809523806
1362,99,116.94333333333333
1363,72,103.69833333333334
1364,54,86.43166666666667
1365,54,120.44
1366,148,215.7183888888889
1367,273,309.2366666666667
1368,280,319.50666666666666
1369,216,283.07666666666665
1370,178,223.26666666666668
1371,148,196.94
1372,136,180.38666666666666
1373,141,218.62666666666667
1374,191,219.06666666666666
1375,157,203.38666666666666
1376,143,194.64
1377,149,199.48583333333335
1378,195,251.94
1379,256,261.67333333333335
1380,334,331.6288888888889
1381,346,327.6723333333333
1382,335,319.2633333333333
1383,289,273.79833333333335
1384,225,224.78777777777782
1385,158,172.9136825396825
1386,135,114.68644444444445
1387,100,95.37666666666667
1388,87,87.53
1389,98,119.04493650793651
1390,210,203.54333333333332
1391,315,330.12333333333333
1392,306,349.3066666666667
1393,262,287.34
1394,193,251.86766666666668
1395,176,220.69
1396,143,186.22
1397,160,149.09444444444443
1398,141,147.01666666666668
1399,123,137.32833333333335
1400,131,142.51666666666668
1401,141,175.48
1402,174,221.76
1403,210,288.67
1404,234,314.96666666666664
1405,278,355.97866666666664
1406,286,322.26
1407,265,275.4533333333333
1408,206,223.51666666666668
1409,156,165.36277777777775
1410,121,111.51544444444444
1411,94,87.18272222222224
1412,83,83.14
1413,70,119.25666666666666
1414,116,192.3322222222222
1415,221,305.8933333333333
1416,286,353.25666666666666
1417,289,290.33099999999996
1418,238,236.283
1419,200,221.28777777777782
1420,169,177.49333333333334
1421,163,181.89333333333335
1422,145,154.54666666666665
1423,117,146.51333333333332
1424,111,143.69
1425,132,183.74
1426,159,233.29
1427,195,278.22044444444447
1428,255,309.7866666666667
1429,257,354.5613333333333
1430,276,231.32666666666665
1431,239,300.31
1432,199,221.09333333333333
1433,149,223.16888888888886
1434,115,149.63288888888889
1435,94,86.89738888888891
1436,71,94.61666666666666
1437,87,130.75666666666666
1438,95,199.25777777777782
1439,166,316.59
1440,257,358.88666666666666
1441,282,287.25333333333333
1442,241,242.05
1443,196,194.30666666666667
1444,168,207.51333333333332
1445,152,226.65
1446,157,173.40166666666667
1447,166,151.89666666666668
1448,152,154.17472222222221
1449,167,193.4138888888889
1450,181,234.92333333333335
1451,228,296.8066666666667
1452,289,334.66
1453,310,339.69666666666666
1454,297,323.5233333333333
1455,264,281.12666666666667
1456,223,220.12333333333333
1457,147,163.64066666666665
1458,104,152.92
1459,77,100.52666666666667
1460,73,94.02
1461,106,136.65333333333334
1462,250,239.23
1463,341,330.1333333333333
1464,340,344.09
1465,259,275.82
1466,209,219.28033333333335
1467,195,191.60027777777776
1468,163,174.34
1469,156,166.63666666666666
1470,158,154.32444444444445
1471,161,147.225
1472,124,155.33972222222218
1473,150,175.54333333333332
1474,189,221.64
1475,250,271.95683333333335
1476,315,313.74333333333334
1477,347,341.55
1478,321,378.61333333333334
1479,269,352.18
1480,208,226.15777777777782
1481,152,206.09333333333333
1482,111,137.77666666666667
1483,74,86.82333333333334
1484,73,89.02666666666667
1485,91,124.53
1486,157,229.05777777777777
1487,296,352.04333333333335
1488,314,336.2266666666667
1489,251,267.67333333333335
1490,209,208.135
1491,202,194.35472222222222
1492,158,175.78
1493,159,161.37666666666667
1494,151,162.92666666666668
1495,155,148.88333333333333
1496,153,141.3775
1497,176,168.94
1498,224,216.97666666666666
1499,278,280.73316666666665
1500,348,335.68333333333334
1501,381,342.99
1502,364,448.31333333333333
1503,298,273.7366666666667
1504,219,215.42333333333335
1505,150,160.05066666666664
1506,117,108.45333333333333
1507,89,89.34333333333333
1508,83,87.39
1509,113,124.01666666666667
1510,250,231.52100000000002
1511,368,291.18666666666667
1512,318,354.3933333333333
1513,256,306.6333333333333
1514,202,257.97333333333336
1515,172,182.85333333333332
1516,164,178.54666666666665
1517,140,188.39
1518,152,185.18333333333334
1519,145,232.83666666666667
1520,166,199.06333333333333
1521,182,192.94
1522,225,224.51
1523,304,273.76166666666666
1524,346,331.4122222222222
1525,357,462.85333333333335
1526,344,368.6766666666667
1527,294,287.6816666666667
1528,221,228.66111111111115
1529,165,201.98444444444445
1530,126,139.94333333333333
1531,151,97.58
1532,147,92.16
1533,219,121.61666666666666
1534,310,224.14022222222218
1535,399,333.1766666666667
1536,382,348.47333333333336
1537,282,288.34
1538,245,254.79666666666665
1539,205,207.78527777777782
1540,184,185.66
1541,183,166.01833333333335
1542,186,157.01333333333332
1543,167,146.4225
1544,149,139.355
1545,206,174.42333333333335
1546,226,227.01
1547,304,273.1566666666667
1548,359,293.64
1549,379,320.81
1550,357,400.13
1551,311,278.56333333333333
1552,227,221.21666666666667
1553,161,156.37005555555555
1554,114,113.00333333333333
1555,100,83.10333333333334
1556,92,85.00333333333333
1557,127,117.48666666666666
1558,265,192.32333333333332
1559,378,361.8566666666667
1560,340,343.23333333333335
1561,288,292.92333333333335
1562,199,228.2
1563,165,177.72666666666666
1564,163,169.91
1565,148,182.24666666666667
1566,154,193.95666666666668
1567,151,150.36
1568,140,155.72166666666666
1569,173,179.59
1570,221,224.59333333333333
1571,263,267.57666666666665
1572,319,315.31
1573,331,337.1066666666667
1574,325,335.22
1575,281,283.3466666666667
1576,232,224.4
1577,183,156.73227777777777
1578,142,106.00666666666666
1579,129,82.79
1580,96,91.13
1581,122,122.31388888888891
1582,198,193.86494444444446
1583,272,350.93333333333334
1584,339,350.7
1585,317,256.3433333333333
1586,257,199.25333333333333
1587,231,177.86
1588,206,163.40666666666667
1589,184,158.43666666666667
1590,164,150.19333333333333
1591,154,139.88619047619048
1592,175,146.63833333333332
1593,185,181.11
1594,227,226.14333333333335
1595,254,278.80333333333334
1596,298,344.3566666666667
1597,331,338.8666666666667
1598,318,319.9
1599,278,274.45
1600,235,226.22777777777782
1601,178,204.04222222222225
1602,128,159.16666666666666
1603,101,101.09166666666667
1604,88,105.96666666666667
1605,106,124.45
1606,159,251.90866666666665
1607,249,324.0233333333333
1608,332,341.1333333333333
1609,327,266.8433333333333
1610,292,203.22166666666666
1611,244,189.48
1612,208,172.94
1613,183,163.27666666666667
1614,161,158.08333333333334
1615,156,145.33777777777777
1616,169,149.81408730158728
1617,180,172.31666666666666
1618,235,229.16666666666666
1619,279,287.5316666666667
1620,333,336.6666666666667
1621,346,328.4533333333333
1622,338,327.5733333333333
1623,283,285.01666666666665
1624,204,224.4
1625,167,158.79333333333332
1626,114,115.38333333333334
1627,88,82.83333333333333
1628,78,128.36666666666667
1629,122,122.84666666666666
1630,262,202.94083333333333
1631,362,362.88666666666666
1632,350,343.54333333333335
1633,306,310.9266666666667
1634,225,210.74333333333334
1635,182,199.98666666666668
1636,173,167.09
1637,181,167.05
1638,152,167.06166666666667
1639,156,148.2477777777778
1640,145,156.15166666666667
1641,162,179.88666666666666
1642,214,223.29666666666665
1643,294,274.9033333333333
1644,352,313.7875
1645,372,335.23
1646,346,321.71
1647,280,278.6433333333333
1648,219,236.81666666666666
1649,148,158.51333333333332
1650,109,142.46333333333334
1651,78,91.77166666666666
1652,78,91.35666666666667
1653,141,139.76666666666668
1654,217,256.86333333333334
1655,320,342.12666666666667
1656,324,331.57
1657,261,288.45666666666665
1658,193,226.90666666666667
1659,164,172.29333333333332
1660,176,161.20666666666668
1661,134,143.41
1662,142,161.23666666666668
1663,138,155.84
1664,141,155.295
1665,169,186.40666666666667
1666,220,227.31
1667,269,264.9533333333333
1668,325,318.18333333333334
1669,373,328.21666666666664
1670,351,322.03
1671,292,283.7133333333333
1672,217,213.74666666666667
1673,156,158.28333333333333
1674,106,142.48333333333332
1675,81,94.765
1676,80,85.52333333333333
1677,116,118.56
1678,222,248.56
1679,347,373.7633333333333
1680,342,339.20666666666665
1681,274,285.75333333333333
1682,198,211.57666666666665
1683,180,187.09666666666666
1684,156,159.53
1685,140,152.87
1686,148,151.82333333333332
1687,147,145.35206349206348
1688,145,155.52166666666668
1689,162,178.20333333333335
1690,214,221.19333333333333
1691,278,274.42
1692,345,292.1666666666667
1693,359,347.35
1694,351,328.3833333333333
1695,277,279.46666666666664
1696,206,229.83333333333334
1697,151,152.3047222222222
1698,111,147.10666666666665
1699,87,106.74
1700,92,98.61333333333333
1701,98,144.35
1702,209,295.00333333333333
1703,318,353.9166666666667
1704,313,322.47333333333336
1705,280,288.7366666666667
1706,213,233.25
1707,195,196.61666666666667
1708,213,164.52333333333334
1709,179,170.62
1710,155,192.89
1711,157,194.35333333333332
1712,157,179.79666666666665
1713,200,195.24916666666667
1714,256,243.92333333333335
1715,310,280.664
1716,381,323.8563888888889
1717,402,426.66
1718,405,364.47
1719,371,302.05
1720,291,227.8144444444445
1721,231,192.29
1722,183,146.52666666666667
1723,162,98.425
1724,151,89.51
1725,191,146.5
1726,369,311.8088888888889
1727,411,340.29333333333335
1728,385,340.9866666666667
1729,309,275.50333333333333
1730,225,220.17083333333332
1731,217,180.47333333333333
1732,200,174.23
1733,175,185.7375
1734,187,148.77666666666667
1735,170,129.68666666666667
1736,186,148.48
1737,207,172.40666666666667
1738,239,226.98
1739,287,288.1533333333333
1740,317,315.38666666666666
1741,354,341.83666666666664
1742,348,348.50666666666666
1743,303,286.87666666666667
1744,231,219.06
1745,170,154.42816666666667
1746,133,114.49
1747,101,83.59333333333333
1748,107,84.60333333333334
1749,119,128.3
1750,200,193.47011111111112
1751,305,293.07
1752,342,338.2133333333333
1753,343,279.87666666666667
1754,267,222.28666666666666
1755,208,185.15666666666667
1756,194,175.87666666666667
1757,183,166.56666666666666
1758,149,175.81666666666666
1759,143,229.77
1760,143,200.49333333333334
1761,179,186.38
1762,244,235.87
1763,252,285.0715
1764,286,396.69350000000003
1765,330,392.1566666666667
1766,360,395.3233333333333
1767,352,304.76666666666665
1768,331,260.1766666666667
1769,277,221.03666666666666
1770,223,181.78666666666666
1771,213,99.63833333333334
1772,166,83.43666666666667
1773,179,127.30333333333333
1774,237,205.98644444444446
1775,288,317.6566666666667
1776,358,356.31666666666666
1777,340,294.1
1778,311,212.07666666666665
1779,260,198.93666666666667
1780,233,179.88333333333333
1781,212,190.55
1782,187,155.46666666666667
1783,172,154.04333333333332
1784,172,147.6480555555556
1785,200,178.97666666666666
1786,264,222.05666666666667
1787,274,285.7776666666666
1788,308,316.09472222222223
1789,340,330.475
1790,345,317.76666666666665
1791,315,278.25333333333333
1792,235,225.63333333333333
1793,173,159.8783333333333
1794,137,108.97
1795,120,87.81
1796,119,89.1
1797,138,122.31388888888891
1798,185,202.64
1799,271,369.23333333333335
1800,335,342.3433333333333
1801,317,307.5133333333333
1802,264,254.09166666666667
1803,234,193.07694444444442
1804,204,178.54666666666665
1805,190,170.24
1806,172,151.555
1807,162,147.68444444444447
1808,162,147.71166666666667
1809,186,173.66666666666666
1810,238,227.74666666666667
1811,289,300.9563333333333
1812,335,299.7941666666667
1813,361,330.465
1814,357,352.07
1815,299,285.16
1816,235,225.05444444444447
1817,172,204.04222222222225
1818,140,142.39333333333335
1819,120,101.09166666666667
1820,103,108.22
1821,142,127.17666666666666
1822,248,246.04333333333332
1823,360,327.44
1824,363,344.00666666666666
1825,263,287.2866666666667
1826,212,210.74333333333334
1827,199,198.21666666666667
1828,170,172.71
1829,165,190.74666666666667
1830,159,165.58
1831,165,147.76944444444445
1832,152,188.15333333333334
1833,182,188.93
1834,224,214.47333333333333
1835,298,264.49333333333334
1836,359,301.52416666666664
1837,384,337.21
1838,350,366.89666666666665
1839,311,303.22333333333336
1840,300,232.17111111111114
1841,229,257.59
1842,172,171.42
1843,141,93.59
1844,134,91.61333333333333
1845,189,124.37
1846,331,213.77644444444445
1847,408,340.79
1848,402,358.72333333333336
1849,316,294.73
1850,253,231.95
1851,208,195.48333333333332
1852,208,177.96666666666667
1853,179,176.18
1854,175,156.02833333333334
1855,191,154.10333333333332
1856,168,158.58111111111108
1857,195,183.7338888888889
1858,251,223.60666666666665
1859,307,264.60833333333335
1860,376,322.48
1861,385,319.83788888888887
1862,362,355.9166666666667
1863,301,294.7866666666667
1864,217,220.7544444444445
1865,164,159.19934920634913
1866,138,117.04722222222222
1867,98,88.90872222222222
1868,87,83.68
1869,125,121.22
1870,253,196.8533333333333
1871,346,320.3
1872,343,335.5933333333333
1873,268,275.3433333333333
1874,228,222.56666666666666
1875,179,202.86
1876,188,187.35333333333332
1877,157,166.14666666666668
1878,167,186.07333333333332
1879,161,201.555
1880,180,224.865
1881,545,282.2966666666667
1882,828,383.33
1883,645,315.4862777777778
1884,625,326.8675
1885,642,450.9146111111112
1886,629,338.62
1887,549,282.0708333333333
1888,398,226.97666666666666
1889,317,159.01668253968248
1890,289,117.04722222222222
1891,319,100.40511111111111
1892,331,92.1
1893,464,123.13333333333334
1894,568,217.61333333333334
1895,610,327.03
1896,499,344.5466666666667
1897,393,301.8232222222222
1898,309,244.00033333333334
1899,267,198.24
1900,252,184.23333333333332
1901,238,163.89333333333335
1902,217,178.73616666666666
1903,217,151.11944444444444
1904,213,148.23944444444447
1905,246,179.63
1906,286,216.36
1907,358,268.0753333333333
1908,371,317.4066666666667
1909,372,333.51955555555554
1910,382,352.27666666666664
1911,319,271.81533333333334
1912,250,234.22666666666666
1913,198,156.0065714285713
1914,171,123.79088888888893
1915,126,85.06216666666667
1916,122,85.63333333333334
1917,162,121.53666666666666
1918,213,200.0022222222222
1919,322,304.7366666666667
1920,351,357.4033333333333
1921,353,326.53333333333336
1922,282,259.77666666666664
1923,244,218.39555555555555
1924,247,179.75333333333333
1925,206,210.434
1926,179,156.22833333333332
1927,175,150.57666666666665
1928,189,178.16
1929,196,185.31
1930,240,224.71666666666667
1931,268,291.43416666666667
1932,324,309.56666666666666
1933,333,335.0222222222222
1934,316,325.24666666666667
1935,270,300.94616666666667
1936,228,266.39
1937,197,150.83666666666667
1938,144,108.0011111111111
1939,118,82.65816666666667
1940,97,86.23861111111111
1941,114,130.8
1942,177,209.17777777777775
1943,238,325.97333333333336
1944,312,358.1433333333333
1945,324,325.0233333333333
1946,283,257.12
1947,240,232.69333333333333
1948,208,177.63
1949,189,183.197
1950,161,154.09833333333333
1951,159,169.34666666666666
1952,166,162.93388888888887
1953,202,181.06255555555555
1954,241,221.57
1955,279,296.45683333333335
1956,331,308.52
1957,357,335.0222222222222
1958,345,325.12333333333333
1959,286,274.3186666666667
1960,222,228.57688888888893
1961,153,157.73333333333332
1962,122,115.05071428571428
1963,92,88.82950000000001
1964,90,88.58666666666667
1965,133,121.76666666666667
1966,207,231.55444444444447
1967,334,325.97333333333336
1968,337,309.74
1969,260,275.85333333333335
1970,228,233.43
1971,189,191.84
1972,174,185.20666666666668
1973,155,235.90333333333334
1974,158,200.89
1975,164,205.18333333333334
1976,213,242.14
1977,285,204.45666666666668
1978,305,215.1
1979,338,275.10699999999997
1980,398,330.26666666666665
1981,420,393.2941666666667
1982,376,278.48
1983,310,274.5425
1984,263,223.5177777777778
1985,194,199.70855555555556
1986,139,139.56344444444446
1987,123,96.1375
1988,120,113.90666666666667
1989,173,121.22666666666667
1990,276,189.64666666666668
1991,392,357.5588888888888
1992,370,357.8
1993,319,271.0588888888889
1994,243,235.87333333333333
1995,219,201.52416666666667
1996,215,187.79666666666665
1997,184,161.18666666666667
1998,156,155.90666666666667
1999,153,154.76333333333332
2000,174,132.39666666666668
2001,197,170.04666666666665
2002,244,218.50333333333333
2003,301,287.53333333333336
2004,333,333.1766666666667
2005,392,324.7033333333333
2006,358,329.3833333333333
2007,290,277.0366666666667
2008,233,233.62666666666667
2009,164,156.36266666666668
2010,120,115.35
2011,102,92.93166666666667
2012,102,90.74
2013,144,130.56666666666666
2014,257,190.38333333333333
2015,377,327.28333333333336
2016,373,346.15
2017,334,304.73
2018,238,230.41
2019,195,203.29
2020,182,170.86666666666667
2021,176,157.795
2022,155,167.23333333333332
2023,154,149.36
2024,148,132.69333333333333
2025,186,175.53
2026,255,222.35333333333332
2027,276,273.83666666666664
2028,340,320.965
2029,363,338.2423968253967
2030,337,337.49333333333334
2031,289,272.8858333333333
2032,228,233.05022222222226
2033,164,149.96333333333334
2034,115,103.7311111111111
2035,95,87.80572222222224
2036,85,87.79444444444444
2037,114,128.80666666666667
2038,247,259.732
2039,375,254.71666666666667
2040,364,360.2733333333333
2041,285,282.9694444444445
2042,231,216.4575
2043,186,193.26500000000001
2044,188,196.65
2045,175,163.04255555555548
2046,145,150.96
2047,150,141.54333333333332
2048,156,134.84
2049,168,175.51666666666668
2050,215,218.33
2051,286,280.8333333333333
2052,317,324.658
2053,348,340.6166666666667
2054,343,331.5233333333333
2055,284,272.03549999999996
2056,229,199.73533333333333
2057,158,155.1785555555556
2058,114,109.95666666666666
2059,89,85.88222222222223
2060,83,93.29666666666667
2061,147,117.63293650793652
2062,226,186.02666666666667
2063,380,371.4077777777777
2064,370,356.78333333333336
2065,270,267.66222222222217
2066,230,233.7235
2067,181,219.34638888888887
2068,160,175.64333333333335
2069,151,185.2845
2070,163,154.695
2071,145,145.09666666666666
2072,141,148.49666666666667
2073,168,179.02
2074,205,222.48333333333332
2075,276,287.94666666666666
2076,347,325.30333333333334
2077,344,411.22333333333336
2078,335,323.89
2079,284,323.94361111111107
2080,226,237.08666666666667
2081,179,206.00355555555555
2082,149,153.46333333333334
2083,107,91.52222222222223
2084,98,112.96666666666667
2085,125,149.81333333333333
2086,188,264.7066666666667
2087,263,363.42333333333335
2088,326,308.78333333333336
2089,277,287.86
2090,250,247.11666666666667
2091,248,190.41
2092,215,172.55
2093,233,219.43
2094,202,192.35166666666666
2095,220,189.41333333333333
2096,264,189.2197222222222
2097,286,194.955
2098,334,239.05666666666667
2099,346,279.34516666666667
2100,356,309.56666666666666
2101,362,347.3257777777777
2102,359,325.24666666666667
2103,311,300.94616666666667
2104,269,242.79111111111115
2105,195,160.35305555555556
2106,146,117.6057142857143
2107,116,92.79316666666666
2108,135,86.23861111111111
2109,135,133.03
2110,195,244.40666666666667
2111,309,310.1551111111111
2112,393,364.2966666666667
2113,365,303.72617460317457
2114,312,261.30333333333334
2115,258,200.5
2116,249,177.89333333333335
2117,208,149.11333333333334
2118,193,158.88666666666666
2119,176,151.39666666666668
2120,173,155.33333333333334
2121,210,172.92666666666668
2122,240,212.19666666666666
2123,271,293.0133333333333
2124,324,298.176
2125,359,308.0366666666667
2126,364,321.06
2127,298,266.45888888888885
2128,228,200.53333333333333
2129,167,147.63244444444445
2130,126,134.18666666666667
2131,95,92.6088888888889
2132,114,99.81
2133,135,135.46916666666667
2134,241,215.29333333333332
2135,359,360.9831746031745
2136,364,363.02
2137,305,304.43006349206354
2138,254,259.74666666666667
2139,189,204.5
2140,194,184.31666666666666
2141,174,156.33
2142,157,158.92666666666668
2143,154,139.69333333333333
2144,142,146.27666666666667
2145,183,174.33666666666667
2146,239,221.20666666666668
2147,296,273.74
2148,350,307.5126666666667
2149,381,332.9166666666667
2150,339,312.01666666666665
2151,301,255.25333333333333
2152,219,204.56177777777776
2153,164,157.8468333333333
2154,116,107.91444444444444
2155,90,90.15611111111112
2156,90,101.58205555555556
2157,152,116.70333333333333
2158,233,213.35333333333332
2159,358,276.5284444444444
2160,352,343.36
2161,291,298.5589444444444
2162,240,231.51450000000003
2163,199,208.32444444444445
2164,170,178.28333333333333
2165,145,153.13833333333332
2166,154,159.57
2167,162,147.7
2168,147,137.17
2169,178,174.07333333333332
2170,216,221.20666666666668
2171,297,270.87666666666667
2172,335,307.06933333333336
2173,364,320.7733333333333
2174,354,312.01666666666665
2175,270,255.25333333333333
2176,208,205.49177777777777
2177,155,157.8468333333333
2178,115,107.91444444444444
2179,86,90.60500000000002
2180,81,100.89538888888887
2181,133,114.99816666666668
2182,234,210.81666666666666
2183,362,316.63111111111107
2184,369,338.0233333333333
2185,295,271.942
2186,220,216.0
2187,198,187.95333333333335
2188,185,170.22
2189,153,153.14333333333335
2190,153,159.75666666666666
2191,148,144.11333333333334
2192,138,153.19666666666666
2193,170,175.99666666666667
2194,230,215.73
2195,280,261.03
2196,341,303.82
2197,362,313.44
2198,332,316.38
2199,282,265.8933333333333
2200,211,205.92666666666668
2201,153,153.83
2202,114,100.80666666666667
2203,85,81.72666666666667
2204,105,77.97666666666667
2205,125,130.52
2206,240,226.054
2207,364,317.13666666666666
2208,357,354.14666666666665
2209,301,276.23
2210,233,217.01
2211,176,197.31288888888886
2212,192,172.02333333333334
2213,152,165.98666666666668
2214,141,156.39
2215,140,144.14
2216,127,152.73
2217,173,176.92333333333335
2218,221,234.09
2219,287,277.0666666666666
2220,329,318.64666666666665
2221,357,325.4633333333333
2222,328,306.1333333333333
2223,275,258.95666666666665
2224,223,207.94444444444443
2225,159,177.4
2226,109,103.19
2227,90,88.06711111111112
2228,77,92.77838888888887
2229,124,120.57
2230,229,209.91222222222223
2231,352,287.18873015873015
2232,365,330.32
2233,270,274.2598888888889
2234,222,227.21666666666667
2235,183,208.564
2236,174,182.85666666666665
2237,141,172.3175
2238,142,156.39
2239,134,144.83666666666667
2240,132,152.91333333333333
2241,186,174.50666666666666
2242,209,215.47333333333333
2243,264,259.49
2244,290,287.3566666666667
2245,331,333.28333333333336
2246,314,318.3233333333333
2247,265,264.3666666666667
2248,216,205.31666666666666
2249,170,153.77333333333334
2250,116,104.37333333333333
2251,96,88.06711111111112
2252,79,88.82838888888888
2253,117,117.48333333333333
2254,212,198.11666666666667
2255,294,281.3066666666667
2256,364,325.41333333333336
2257,345,266.36555555555555
2258,266,212.51666666666668
2259,227,217.4488888888889
2260,200,179.68666666666667
2261,180,153.75833333333333
2262,164,157.88333333333333
2263,143,141.48666666666668
2264,150,148.22
2265,177,174.78666666666666
2266,231,225.25333333333333
2267,250,283.5566666666667
2268,253,300.8066666666667
2269,277,320.25
2270,313,316.5566666666667
2271,272,269.61249999999995
2272,224,201.90666666666667
2273,162,150.09333333333333
2274,125,103.19
2275,93,95.05166666666666
2276,94,102.32466666666664
2277,96,124.58333333333333
2278,161,213.20333333333335
2279,243,319.8471746031746
2280,326,342.88666666666666
2281,318,307.2283968253969
2282,298,256.36
2283,231,204.82166666666666
2284,203,168.83333333333334
2285,174,149.785
2286,155,158.0
2287,144,147.75666666666666
2288,149,143.89
2289,160,168.41666666666666
2290,192,210.74
2291,232,253.6322222222222
2292,300,317.4831111111111
2293,345,334.54
2294,324,315.04
2295,282,275.9130555555555
2296,221,212.45
2297,162,149.99666666666667
2298,107,103.30333333333333
2299,86,93.86722222222222
2300,78,109.52666666666667
2301,129,125.73199206349203
2302,218,250.07666666666665
2303,345,312.62666666666667
2304,359,359.50666666666666
2305,264,265.20666666666665
2306,204,213.70333333333335
2307,203,212.6
2308,162,177.08
2309,146,155.8188888888889
2310,139,159.23555555555555
2311,126,153.27333333333334
2312,131,145.32333333333332
2313,165,173.93666666666667
2314,217,222.64666666666668
2315,269,279.2866666666667
2316,317,292.81166666666667
2317,358,331.38666666666666
2318,340,318.3233333333333
2319,272,264.3666666666667
2320,203,204.13
2321,155,150.34
2322,104,101.96666666666667
2323,102,81.72666666666667
2324,77,81.98333333333333
2325,107,135.53805555555556
2326,236,191.65333333333334
2327,341,317.0965079365079
2328,335,323.72333333333336
2329,265,268.7968888888889
2330,198,233.51666666666668
2331,184,206.30888888888887
2332,151,177.84
2333,149,153.13833333333332
2334,144,159.38888888888889
2335,126,153.76666666666668
2336,137,147.91333333333333
2337,159,174.22
2338,208,226.2
2339,283,273.52
2340,323,295.4583333333333
2341,365,333.14666666666665
2342,344,315.5566666666667
2343,275,264.9166666666667
2344,209,200.01666666666668
2345,150,150.22666666666666
2346,104,104.37333333333333
2347,86,94.11
2348,69,90.41222222222221
2349,119,126.79666666666667
2350,239,212.89
2351,334,276.0851111111111
2352,344,328.03533333333337
2353,260,275.8733412698412
2354,210,239.63
2355,187,191.3725
2356,153,177.08
2357,147,151.9127777777778
2358,153,158.31
2359,132,152.54333333333332
2360,134,155.63333333333333
2361,162,174.65666666666667
2362,202,221.31
2363,278,273.52
2364,313,297.1483333333333
2365,362,338.94666666666666
2366,348,317.31666666666666
2367,266,266.73333333333335
2368,216,204.18
2369,149,149.01333333333332
2370,105,103.31333333333333
2371,82,93.62166666666667
2372,73,88.22333333333333
2373,128,138.0275
2374,208,197.15333333333334
2375,327,308.12650793650795
2376,345,326.70866666666666
2377,260,281.7986746031746
2378,213,233.51666666666668
2379,188,212.30333333333334
2380,108,182.19333333333333
2381,-1,159.18
2382,0,158.53666666666666
2383,-4,144.31666666666666
2384,-3,147.17333333333335
2385,1,175.34333333333333
2386,1,219.03333333333333
2387,-6,274.8466666666667
2388,-8,297.71666666666664
2389,-9,324.86333333333334
2390,-6,318.85
2391,-10,268.4433333333333
2392,-8,217.81066666666666
2393,-6,155.31066666666666
2394,-3,107.4
2395,-3,87.88766666666665
2396,5,97.1866111111111
2397,8,114.73666666666666
2398,9,213.71333333333334
2399,7,318.2888888888889
2400,6,338.13
2401,-1,263.93822222222224
2402,-5,223.36
2403,-2,190.69333333333333
2404,1,183.38666666666666
2405,-2,169.57333333333332
2406,5385,156.55083333333334
2407,131,139.52333333333334
2408,137,154.02333333333334
2409,169,168.36333333333334
2410,200,212.89333333333335
2411,269,265.25
2412,288,287.3566666666667
2413,312,310.5233333333333
2414,310,316.35333333333335
2415,272,277.87666666666667
2416,220,204.89666666666668
2417,159,148.21333333333334
2418,134,104.37333333333333
2419,95,93.62166666666667
2420,94,88.70505555555556
2421,124,128.84333333333333
2422,171,192.49
2423,284,281.6333333333333
2424,366,325.83666666666664
2425,319,275.21444444444444
2426,275,214.02
2427,230,190.99333333333334
2428,203,178.49666666666667
2429,165,159.34666666666666
2430,145,160.58
2431,138,142.68
2432,158,147.57333333333332
2433,190,176.57666666666665
2434,205,221.51666666666668
2435,240,280.2033333333333
2436,257,288.92
2437,294,321.28333333333336
2438,304,318.36333333333334
2439,259,266.76
2440,213,206.82333333333332
2441,172,151.36666666666667
2442,135,104.15
2443,91,80.99666666666667
2444,79,78.11666666666666
2445,94,138.72
2446,164,195.17
2447,256,330.2266666666667
2448,317,346.1933333333333
2449,308,277.2771111111111
2450,266,223.00333333333333
2451,219,203.37
2452,187,182.56
2453,161,158.58166666666668
2454,157,158.29222222222222
2455,152,153.1
2456,144,146.29333333333332
2457,161,173.55
2458,196,221.31
2459,228,284.58
2460,270,288.6566666666667
2461,300,314.07
2462,294,319.71
2463,265,264.83666666666664
2464,209,204.9
2465,168,145.93288888888887
2466,129,108.58333333333333
2467,91,85.43833333333333
2468,74,78.63333333333334
2469,112,125.48833333333333
2470,174,256.60333333333335
2471,267,333.5233333333333
2472,343,326.70866666666666
2473,306,275.8733412698412
2474,259,233.51666666666668
2475,235,212.36888888888888
2476,187,177.37333333333333
2477,183,152.62
2478,151,158.52666666666667
2479,139,139.67333333333335
2480,154,147.62333333333333
2481,165,174.51666666666668
2482,199,217.20333333333335
2483,260,252.67
2484,271,300.6166666666667
2485,309,334.75666666666666
2486,300,317.9166666666667
2487,262,268.73333333333335
2488,207,210.07666666666665
2489,154,147.28
2490,115,104.54666666666667
2491,102,79.72333333333333
2492,84,77.48333333333333
2493,108,113.29
2494,173,226.3295555555556
2495,273,300.27666666666664
2496,331,326.24333333333334
2497,297,270.93622222222217
2498,245,249.75416666666666
2499,219,193.55333333333334
2500,174,193.15333333333334
2501,160,153.37799999999996
2502,153,157.80555555555554
2503,134,148.36333333333334
2504,145,148.29666666666665
2505,172,173.95333333333335
2506,187,223.23333333333332
2507,248,274.07666666666665
2508,271,295.41333333333336
2509,335,319.4866666666667
2510,315,315.5
2511,255,267.22333333333336
2512,203,205.73333333333332
2513,173,147.28
2514,112,104.38666666666667
2515,84,79.72333333333333
2516,72,79.90333333333334
2517,110,129.87333333333333
2518,194,202.51666666666668
2519,258,276.43333333333334
2520,290,366.0933333333333
2521,275,326.76955555555554
2522,267,224.9325
2523,209,202.8275
2524,181,182.69333333333333
2525,163,178.94222222222223
2526,153,176.71833333333333
2527,166,168.72
2528,152,162.25333333333333
2529,160,190.31666666666666
2530,206,243.50666666666666
2531,271,298.9166666666667
2532,289,299.12666666666667
2533,314,383.82
2534,295,301.45
2535,250,285.87
2536,208,234.87333333333333
2537,147,223.86666666666667
2538,117,153.63333333333333
2539,100,89.09655555555555
2540,74,87.19333333333333
2541,104,124.67538888888889
2542,142,240.90333333333334
2543,211,333.694
2544,260,339.4066666666667
2545,244,269.0933333333333
2546,213,243.6
2547,204,202.60666666666665
2548,184,165.90333333333334
2549,169,211.93
2550,155,194.635
2551,158,175.84666666666666
2552,154,175.51666666666668
2553,193,230.79444444444448
2554,352,382.71666666666664
2555,414,76.92333333333333
2556,394,349.0927777777778
2557,341,373.4266666666667
2558,335,314.39
2559,321,256.49666666666667
2560,329,263.23333333333335
2561,335,183.25333333333333
2562,267,159.53666666666666
2563,248,157.2863888888889
2564,231,114.44666666666667
2565,260,137.28222222222223
2566,368,212.22
2567,402,307.9311111111111
2568,409,353.18
2569,343,282.49533333333335
2570,300,206.87
2571,269,189.03199999999998
2572,225,167.24666666666667
2573,198,159.44333333333333
2574,178,152.49
2575,168,138.18
2576,167,154.19333333333333
2577,201,163.92
2578,251,208.49
2579,280,254.18
2580,307,286.0
2581,321,330.5933333333333
2582,310,314.6766666666667
2583,284,268.3983333333333
2584,234,212.12333333333333
2585,170,147.35111111111112
2586,128,103.33
2587,119,82.52666666666667
2588,88,112.21666666666667
2589,127,113.67333333333333
2590,215,180.34333333333333
2591,295,295.93333333333334
2592,364,325.18533333333335
2593,364,272.14061904761905
2594,282,255.43666666666667
2595,234,209.00944444444443
2596,193,175.48333333333332
2597,191,159.18
2598,163,162.11333333333334
2599,159,142.88666666666666
2600,150,151.66666666666666
2601,171,173.79666666666665
2602,227,215.88333333333333
2603,270,259.06666666666666
2604,289,291.39166666666665
2605,304,329.3933333333333
2606,308,315.5566666666667
2607,269,269.17
2608,219,202.7
2609,171,154.81333333333333
2610,116,103.31333333333333
2611,100,93.62166666666667
2612,91,87.06888888888888
2613,99,119.38233333333332
2614,152,209.71666666666667
2615,248,310.0733333333333
2616,339,338.94
2617,340,263.83
2618,280,216.47
2619,234,206.98399999999998
2620,207,179.69333333333333
2621,180,166.10833333333332
2622,160,163.20666666666668
2623,152,142.88333333333333
2624,146,146.47333333333333
2625,171,174.44666666666666
2626,216,226.98333333333332
2627,277,282.64
2628,324,300.8066666666667
2629,343,322.3433333333333
2630,324,317.94666666666666
2631,265,268.99555555555554
2632,202,200.11
2633,151,146.24333333333334
2634,101,103.31333333333333
2635,80,93.555
2636,84,87.06888888888888
2637,128,123.06
2638,198,212.58
2639,331,276.2866666666667
2640,319,352.4
2641,253,271.94888888888886
2642,210,236.39516666666668
2643,192,221.05944444444444
2644,167,189.74
2645,141,161.67644444444443
2646,139,151.09
2647,137,139.64333333333335
2648,141,136.66
2649,162,189.0
2650,221,235.3
2651,288,280.01
2652,336,319.5171111111111
2653,364,315.5233333333333
2654,325,317.72333333333336
2655,277,274.72833333333335
2656,215,200.42333333333335
2657,143,178.62
2658,104,131.59666666666666
2659,91,89.18377777777778
2660,76,103.26544444444447
2661,109,135.01666666666668
2662,215,217.98333333333332
2663,322,323.07
2664,318,372.54
2665,271,279.1933333333333
2666,201,256.73
2667,159,250.60333333333332
2668,160,203.54333333333332
2669,194,175.97111111111113
2670,151,175.30833333333334
2671,144,153.35333333333332
2672,144,154.53
2673,154,174.53666666666666
2674,230,230.11666666666667
2675,289,243.56188888888894
2676,326,305.41566666666665
2677,365,311.18333333333334
2678,336,322.31
2679,267,263.6455555555555
2680,218,202.55666666666667
2681,156,157.44955555555555
2682,115,113.75333333333333
2683,87,99.40333333333334
2684,99,113.80666666666667
2685,102,126.19115873015873
2686,204,203.92333333333335
2687,351,367.39888888888885
2688,355,362.86333333333334
2689,278,297.8041666666666
2690,208,219.13283333333337
2691,198,204.73916666666668
2692,257,187.43
2693,191,169.67666666666668
2694,180,153.40833333333333
2695,145,142.75333333333333
2696,143,147.84666666666666
2697,169,174.61666666666667
2698,244,219.62666666666667
2699,298,273.2966666666667
2700,333,286.81
2701,348,326.0133333333333
2702,327,319.71
2703,278,269.49
2704,206,205.11666666666667
2705,157,151.7362222222222
2706,110,100.80666666666667
2707,109,82.97666666666667
2708,83,93.73866666666666
2709,115,113.88083333333333
2710,224,206.82
2711,348,308.62
2712,345,323.72333333333336
2713,268,267.70844444444447
2714,229,231.81666666666666
2715,177,208.43
2716,151,178.94333333333333
2717,146,155.50333333333333
2718,155,159.11666666666667
2719,141,148.39
2720,141,146.88
2721,148,174.61666666666667
2722,226,219.82666666666665
2723,283,260.1166666666667
2724,313,296.4066666666667
2725,355,327.86
2726,340,314.95666666666665
2727,272,272.72
2728,212,203.78
2729,153,147.49883333333335
2730,108,104.54666666666667
2731,83,81.04333333333334
2732,80,77.17
2733,140,128.15666666666667
2734,186,206.88666666666666
2735,309,316.18666666666667
2736,320,377.2
2737,243,286.81666666666666
2738,179,236.66
2739,228,191.13333333333333
2740,224,185.04666666666665
2741,241,208.19666666666666
2742,208,174.39666666666668
2743,172,169.675
2744,171,149.48166666666665
2745,194,176.22333333333333
2746,226,214.93666666666667
2747,277,271.68600000000004
2748,325,312.0733333333333
2749,344,348.22533333333337
2750,320,278.19666666666666
2751,271,281.2366666666667
2752,232,219.81333333333333
2753,176,181.20666666666668
2754,129,110.98333333333333
2755,102,81.18333333333334
2756,107,89.04333333333334
2757,116,119.17177777777778
2758,184,213.77666666666667
2759,299,368.85333333333335
2760,353,354.3333333333333
2761,328,307.1333333333333
2762,300,267.54333333333335
2763,246,213.1863888888889
2764,195,194.41
2765,174,162.68666666666667
2766,186,157.78
2767,152,151.69
2768,152,133.77333333333334
2769,177,173.46333333333334
2770,216,236.87
2771,257,296.30333333333334
2772,287,309.0133333333333
2773,308,342.28333333333336
2774,301,288.6666666666667
2775,256,282.79333333333335
2776,205,256.65
2777,170,227.51333333333332
2778,130,147.68333333333334
2779,91,86.19333333333333
2780,82,101.87666666666667
2781,110,115.79333333333334
2782,143,205.21333333333334
2783,240,347.03333333333336
2784,331,339.25333333333333
2785,324,306.9
2786,280,265.4
2787,232,230.63305555555553
2788,204,189.64333333333335
2789,196,161.31166666666667
2790,154,155.71333333333334
2791,141,146.1925
2792,146,139.555
2793,168,174.63
2794,213,216.33333333333334
2795,237,272.12
2796,277,294.09
2797,312,320.81
2798,319,454.1333333333333
2799,281,288.62333333333333
2800,214,225.50333333333333
2801,157,155.62205555555553
2802,113,112.58
2803,77,86.43666666666667
2804,76,103.39
2805,116,122.6
2806,204,194.29666666666665
2807,333,353.08666666666664
2808,361,346.24
2809,261,308.4066666666667
2810,222,270.6666666666667
2811,189,212.9008888888889
2812,171,188.37
2813,159,147.64666666666668
2814,135,144.50833333333333
2815,132,137.81
2816,139,135.43333333333334
2817,142,176.75666666666666
2818,217,222.74666666666667
2819,276,270.43
2820,314,293.97333333333336
2821,348,316.36
2822,326,433.57666666666665
2823,272,298.99
2824,214,222.70666666666668
2825,156,154.5663888888889
2826,106,119.5
2827,80,90.75166666666667
2828,93,87.96333333333334
2829,113,114.37
2830,198,200.10666666666665
2831,342,336.42333333333335
2832,313,347.22333333333336
2833,229,288.7133333333333
2834,213,243.39100000000002
2835,164,195.24916666666667
2836,136,181.60666666666665
2837,135,190.07666666666665
2838,139,186.31333333333333
2839,160,200.62666666666667
2840,168,198.59333333333333
2841,203,200.89
2842,268,220.07666666666665
2843,317,277.78427777777773
2844,347,306.01233333333334
2845,381,442.76166666666666
2846,338,322.26
2847,287,274.30333333333334
2848,221,227.83333333333334
2849,160,162.23244444444444
2850,125,132.38333333333333
2851,94,95.00138888888888
2852,86,98.42
2853,117,128.63333333333333
2854,204,196.57833333333335
2855,322,340.8233333333333
2856,335,354.5233333333333
2857,286,276.10922222222223
2858,213,244.44333333333333
2859,193,197.26333333333332
2860,155,188.44333333333333
2861,156,166.44666666666666
2862,156,188.67666666666668
2863,150,212.48
2864,175,188.96833333333333
2865,183,181.06333333333333
2866,229,233.12222222222218
2867,299,268.9766666666667
2868,335,312.36
2869,367,336.05916666666667
2870,333,341.06666666666666
2871,287,269.95416666666665
2872,228,215.38777777777784
2873,165,150.91666666666666
2874,110,108.26333333333334
2875,95,98.19444444444446
2876,83,94.4775
2877,130,128.80666666666667
2878,226,269.97533333333337
2879,339,284.4166666666667
2880,361,376.6566666666667
2881,263,282.02822222222227
2882,216,245.44666666666666
2883,210,200.5
2884,173,174.18666666666667
2885,156,149.15666666666667
2886,153,154.72666666666666
2887,141,149.85333333333332
2888,173,138.77666666666667
2889,163,173.81666666666666
2890,224,218.71333333333334
2891,289,284.44
2892,322,324.658
2893,340,339.46666666666664
2894,353,331.74333333333334
2895,289,274.68216666666666
2896,219,203.67117460317465
2897,157,157.14916666666667
2898,122,111.59
2899,95,104.16333333333334
2900,96,114.18666666666667
2901,152,121.31693650793653
2902,264,184.79333333333332
2903,375,337.16
2904,358,332.92333333333335
2905,275,273.10533333333336
2906,236,234.60016666666667
2907,200,208.19333333333333
2908,181,191.10333333333332
2909,174,205.92333333333335
2910,179,184.49833333333333
2911,202,166.25666666666666
2912,271,169.2461111111111
2913,286,184.63555555555558
2914,279,230.04333333333332
2915,329,271.1035
2916,345,310.01
2917,373,358.332
2918,347,329.07
2919,294,275.33666666666664
2920,250,223.47
2921,201,159.6964444444444
2922,150,105.11
2923,134,83.64666666666666
2924,113,90.71666666666667
2925,131,115.96260317460319
2926,213,194.34666666666666
2927,311,329.3933333333333
2928,378,346.11
2929,348,286.49333333333334
2930,289,253.42433333333335
2931,261,219.25333333333333
2932,211,170.13
2933,183,173.63222222222223
2934,173,148.93
2935,174,153.68
2936,175,161.315
2937,192,176.35
2938,243,226.04
2939,271,284.7418333333333
2940,291,321.9166666666667
2941,330,332.0466666666667
2942,317,333.32
2943,279,282.29333333333335
2944,219,219.5
2945,171,155.97327777777775
2946,134,108.62
2947,96,80.52333333333333
2948,100,88.35666666666667
2949,104,118.99177777777777
2950,156,199.44666666666666
2951,248,357.51666666666665
2952,307,343.18333333333334
2953,328,312.95
2954,290,264.43
2955,245,227.70333333333335
2956,205,193.49333333333334
2957,177,150.36333333333334
2958,161,155.28333333333333
2959,153,135.26333333333332
2960,151,145.07222222222222
2961,193,171.80666666666667
2962,240,226.30333333333334
2963,278,272.44100000000003
2964,334,308.29
2965,351,346.1166666666667
2966,334,236.90333333333334
2967,281,275.8433333333333
2968,217,224.93
2969,168,161.77733333333333
2970,115,106.72
2971,88,95.37666666666667
2972,89,90.43333333333334
2973,117,135.32
2974,255,182.09666666666666
2975,368,343.22
2976,366,362.86333333333334
2977,280,288.6030555555555
2978,209,229.2374761904762
2979,190,189.58611111111114
2980,171,184.94666666666666
2981,150,161.05422222222214
2982,151,150.03666666666666
2983,134,139.46333333333334
2984,125,147.245
2985,172,173.41
2986,230,229.29
2987,299,288.26733333333334
2988,349,327.5466666666667
2989,372,335.81
2990,334,332.8233333333333
2991,269,274.3186666666667
2992,211,233.05022222222226
2993,157,169.57833333333335
2994,106,147.52344444444446
2995,95,87.18272222222224
2996,88,85.23
2997,118,119.15666666666667
2998,244,281.6384444444445
2999,355,306.10333333333335
3000,381,360.29333333333335
3001,259,284.19722222222225
3002,215,236.33
3003,175,200.28333333333333
3004,158,187.97
3005,141,158.27666666666667
3006,159,158.07333333333332
3007,127,139.78
3008,156,140.46
3009,176,184.44
3010,219,219.68333333333334
3011,303,278.5733333333333
3012,348,314.6833333333334
3013,362,315.28
3014,337,317.5466666666667
3015,279,274.66305555555556
3016,231,239.82888888888886
3017,150,183.26333333333332
3018,114,138.02666666666667
3019,86,105.53000000000002
3020,81,108.14666666666666
3021,108,132.46666666666667
3022,214,197.82777777777775
3023,337,308.12333333333333
3024,355,332.63
3025,254,285.4066666666667
3026,197,252.92
3027,170,211.59555555555553
3028,152,176.56666666666666
3029,151,198.7373333333333
3030,128,170.13166666666666
3031,140,152.95333333333335
3032,133,160.43638888888893
3033,175,170.74666666666667
3034,248,224.4422222222222
3035,296,278.66316666666665
3036,342,325.22
3037,342,324.7033333333333
3038,362,329.7966666666667
3039,345,276.358
3040,350,210.79666666666668
3041,598,154.96933333333334
3042,1092,132.24666666666667
3043,1195,85.5911111111111
3044,1107,80.83333333333333
3045,1091,116.41660317460318
3046,993,198.38333333333333
3047,912,339.97333333333336
3048,41,350.3666666666667
3049,440,304.30333333333334
3050,388,260.04
3051,332,215.44472222222223
3052,292,179.48666666666668
3053,275,162.75833333333333
3054,256,156.02666666666667
3055,249,148.08666666666667
3056,290,156.72305555555556
3057,342,171.37333333333333
3058,412,219.30666666666667
3059,486,284.3066666666667
3060,499,329.48333333333335
3061,484,328.7079999999999
3062,386,335.12
3063,325,275.91099999999994
3064,269,215.9404444444445
3065,174,153.47
3066,432,111.18277777777779
3067,950,91.34666666666666
3068,991,90.01666666666667
3069,1043,125.81338095238098
3070,1058,203.54333333333332
3071,765,383.0955555555555
3072,995,359.6333333333333
3073,873,288.6030555555555
3074,993,243.98830952380953
3075,911,183.6261111111112
3076,-4,187.92666666666668
3077,-31,161.42144444444443
3078,942,151.5322222222222
3079,-28,141.05
3080,529,142.94666666666666
3081,245,171.23
3082,263,220.65
3083,316,277.41
3084,352,323.125
3085,355,335.26705555555554
3086,348,335.9866666666667
3087,308,285.955
3088,259,203.67117460317465
3089,205,153.95333333333335
3090,142,103.70333333333333
3091,121,91.395
3092,125,112.42666666666666
3093,156,125.81338095238098
3094,213,191.58
3095,333,351.98
3096,372,360.0566666666667
3097,347,273.7761111111111
3098,317,221.61833333333334
3099,250,202.83694444444444
3100,216,186.11
3101,211,157.08277777777772
3102,177,155.17333333333335
3103,164,141.83
3104,165,136.66
3105,204,181.68333333333334
3106,228,218.47666666666666
3107,267,273.83666666666664
3108,309,320.77722222222224
3109,322,311.62666666666667
3110,328,316.92
3111,290,269.61249999999995
3112,217,200.11
3113,160,152.895
3114,134,108.28666666666666
3115,106,82.06166666666667
3116,89,81.23333333333333
3117,122,115.1707142857143
3118,159,223.14
3119,252,360.9831746031745
3120,327,356.57666666666665
3121,331,289.96173015873023
3122,302,262.02
3123,251,195.23333333333332
3124,210,178.87666666666667
3125,189,155.44192857142858
3126,169,157.07333333333332
3127,154,138.96
3128,167,148.95333333333335
3129,195,164.33666666666667
3130,240,213.80333333333334
3131,286,264.3566666666667
3132,348,297.8666666666667
3133,357,333.89
3134,337,316.41333333333336
3135,283,270.7633333333333
3136,204,205.89666666666668
3137,156,143.63
3138,117,104.01333333333334
3139,94,77.83
3140,83,88.60666666666667
3141,133,125.05
3142,228,171.94
3143,376,296.17333333333335
3144,363,335.14666666666665
3145,278,306.26666666666665
3146,223,235.94
3147,208,192.23499999999999
3148,165,173.66
3149,143,145.04333333333332
3150,153,141.85333333333332
3151,163,141.56666666666666
3152,135,145.63333333333333
3153,161,171.49
3154,228,211.93
3155,288,258.9166666666667
3156,347,293.9433333333333
3157,384,323.25666666666666
3158,347,321.54333333333335
3159,276,269.11333333333334
3160,209,205.7
3161,150,146.8112777777778
3162,113,112.20666666666666
3163,94,81.385
3164,85,79.50333333333333
3165,136,124.285
3166,227,216.05
3167,375,307.96
3168,357,374.9433333333333
3169,271,278.92
3170,202,211.79333333333332
3171,193,203.79122222222222
3172,154,196.39333333333335
3173,144,165.70333333333335
3174,147,152.01333333333332
3175,141,139.42916666666667
3176,155,144.29
3177,185,164.6
3178,230,208.26666666666668
3179,273,256.86333333333334
3180,349,307.4866666666667
3181,370,320.86333333333334
3182,328,316.01
3183,283,263.36
3184,201,205.09333333333333
3185,155,148.19844444444445
3186,105,103.92666666666666
3187,93,80.76
3188,80,85.28555555555555
3189,116,123.50899999999997
3190,233,222.86333333333334
3191,353,340.57593650793655
3192,353,346.2733333333333
3193,276,286.4517777777778
3194,208,226.82
3195,168,205.91666666666666
3196,170,176.38333333333333
3197,150,153.99466666666663
3198,159,170.20166666666665
3199,146,144.19
3200,129,136.62666666666667
3201,166,170.56
3202,234,216.68666666666667
3203,284,273.5133333333333
3204,328,317.37333333333333
3205,350,324.6775
3206,333,329.0733333333333
3207,276,273.2688333333333
3208,210,211.53333333333333
3209,153,149.22461111111116
3210,107,112.37666666666667
3211,87,75.45388888888888
3212,81,84.18666666666667
3213,131,121.14333333333333
3214,236,225.76333333333332
3215,360,357.49666666666667
3216,363,360.68
3217,275,313.9433333333333
3218,220,229.86666666666667
3219,168,188.73888888888888
3220,167,178.84666666666666
3221,157,150.08
3222,136,147.02
3223,144,139.8225
3224,137,150.69333333333333
3225,166,173.9
3226,217,226.28333333333333
3227,287,300.1116666666667
3228,318,332.29333333333335
3229,355,337.6666666666667
3230,329,418.93
3231,274,281.3933333333333
3232,205,223.79333333333332
3233,150,161.472
3234,108,113.49666666666667
3235,89,81.69666666666667
3236,95,84.67333333333333
3237,127,128.01
3238,208,231.52100000000002
3239,344,301.79333333333335
3240,325,348.87
3241,253,283.0933333333333
3242,194,210.21
3243,152,187.69666666666666
3244,156,168.05666666666667
3245,123,159.61
3246,154,152.00666666666666
3247,142,146.03333333333333
3248,135,147.05833333333334
3249,170,176.00333333333333
3250,204,225.38333333333333
3251,253,256.205
3252,291,304.93666666666667
3253,320,327.12666666666667
3254,321,310.17
3255,277,270.49333333333334
3256,215,218.33
3257,161,150.35
3258,121,120.07333333333334
3259,92,86.68333333333334
3260,85,103.67
3261,106,108.21
3262,185,224.70149999999998
3263,271,329.4166666666667
3264,359,339.45
3265,314,279.28333333333336
3266,259,211.85666666666665
3267,227,188.88666666666666
3268,199,175.78
3269,159,152.37333333333333
3270,151,165.75916666666666
3271,151,143.00666666666666
3272,164,144.20888888888888
3273,167,173.86333333333334
3274,219,231.35
3275,244,273.1566666666667
3276,278,297.9033333333333
3277,288,349.1066666666667
3278,286,320.01666666666665
3279,258,272.21666666666664
3280,214,220.83666666666667
3281,174,157.3208333333333
3282,122,113.33333333333333
3283,91,86.10333333333334
3284,84,109.73666666666666
3285,88,129.21333333333334
3286,147,194.87
3287,265,303.14
3288,344,339.14666666666665
3289,313,309.08
3290,272,260.3833333333333
3291,232,208.50677777777776
3292,184,178.37666666666667
3293,166,148.19
3294,158,144.45833333333334
3295,157,150.20666666666668
3296,134,132.495
3297,157,167.52
3298,199,218.78333333333333
3299,247,267.58
3300,287,286.95
3301,303,330.48333333333335
3302,286,322.50666666666666
3303,253,270.79911111111113
3304,210,233.33666666666667
3305,171,166.65633333333335
3306,119,109.85
3307,80,81.14777777777779
3308,73,77.51
3309,90,117.26666666666667
3310,164,227.66666666666666
3311,263,339.2133333333333
3312,318,354.28
3313,303,299.51844444444447
3314,259,233.3013333333333
3315,214,197.02250000000004
3316,182,187.29
3317,147,154.06333333333333
3318,149,155.88
3319,128,143.22
3320,139,138.93
3321,161,177.88
3322,222,220.81333333333333
3323,272,277.06
3324,317,310.61
3325,347,349.132
3326,320,336.89
3327,261,280.9866666666667
3328,196,223.66666666666666
3329,150,158.16688888888888
3330,110,108.39333333333333
3331,82,81.60666666666667
3332,74,85.39333333333333
3333,136,115.35333333333334
3334,219,240.81666666666666
3335,349,370.91
3336,360,348.33
3337,265,302.76
3338,203,264.721
3339,163,203.47833333333335
3340,151,186.23666666666668
3341,148,154.265
3342,124,146.58666666666667
3343,139,136.69
3344,134,142.67666666666668
3345,159,174.25333333333333
3346,222,220.38
3347,286,270.11333333333334
3348,326,310.17333333333335
3349,367,327.2875
3350,320,317.26
3351,259,297.5233333333333
3352,205,218.11333333333334
3353,139,151.81583333333333
3354,109,109.14
3355,74,98.96
3356,77,81.06
3357,116,116.41660317460318
3358,223,198.02
3359,326,331.9166666666667
3360,310,334.32666666666665
3361,262,281.4533333333333
3362,184,221.69666666666666
3363,155,200.49333333333334
3364,147,174.36
3365,125,166.39777777777775
3366,130,162.93666666666667
3367,145,145.36
3368,132,146.81
3369,161,170.64333333333335
3370,209,218.41
3371,287,270.6533333333333
3372,339,298.6066666666667
3373,357,338.91
3374,329,314.94
3375,276,279.6933333333333
3376,209,218.88333333333333
3377,169,156.06566666666666
3378,108,112.06166666666667
3379,83,88.14666666666666
3380,73,86.97333333333333
3381,103,107.8
3382,234,216.134
3383,360,315.68666666666667
3384,362,377.83
3385,282,324.7866666666667
3386,224,250.65333333333334
3387,183,213.57666666666665
3388,164,192.68333333333334
3389,151,151.29777777777778
3390,137,149.55333333333334
3391,136,151.66555555555556
3392,140,157.78333333333333
3393,149,181.13333333333333
3394,209,216.96666666666667
3395,279,269.25333333333333
3396,316,332.6761111111111
3397,365,345.91333333333336
3398,332,324.95
3399,265,294.4533333333333
3400,204,223.97666666666666
3401,154,158.29
3402,133,108.48666666666666
3403,81,88.15666666666667
3404,69,76.99333333333334
3405,107,118.08333333333333
3406,232,234.84
3407,360,333.41333333333336
3408,342,372.22333333333336
3409,270,289.3466666666667
3410,216,216.68666666666667
3411,173,196.31333333333333
3412,151,174.47
3413,128,167.48333333333332
3414,132,154.96977777777775
3415,145,153.19039682539682
3416,130,153.53166666666667
3417,152,181.71333333333334
3418,199,234.21
3419,256,268.8433333333333
3420,297,292.97
3421,312,344.6
3422,316,364.94
3423,275,316.05
3424,247,228.01444444444448
3425,184,227.60666666666665
3426,128,147.21666666666667
3427,96,89.11
3428,85,101.44
3429,109,133.97
3430,161,232.19333333333333
3431,253,325.77666666666664
3432,320,348.3833333333333
3433,273,297.79
3434,229,215.7
3435,205,194.95
3436,172,185.98666666666668
3437,160,170.71333333333334
3438,128,176.3788888888889
3439,137,155.0725873015873
3440,162,165.81666666666666
3441,197,183.69333333333333
3442,210,209.01666666666668
3443,269,273.4633333333333
3444,280,297.76
3445,299,323.2633333333333
3446,290,310.3066666666667
3447,256,278.11333333333334
3448,204,220.64
3449,158,158.69899999999998
3450,119,113.97
3451,92,86.49666666666667
3452,68,93.28666666666666
3453,104,109.72666666666667
3454,135,241.36333333333334
3455,207,366.64666666666665
3456,284,367.0366666666667
3457,315,300.9533333333333
3458,265,211.85333333333332
3459,221,186.70555555555555
3460,176,173.20333333333335
3461,159,188.23666666666668
3462,157,206.02333333333334
3463,140,205.04666666666665
3464,146,188.93666666666667
3465,168,186.05
3466,219,249.69
3467,272,270.7511666666666
3468,295,316.06666666666666
3469,312,357.3113333333333
3470,299,327.51
3471,253,336.36833333333334
3472,224,199.73533333333333
3473,160,160.59466666666668
3474,106,130.70333333333335
3475,78,82.15888888888888
3476,81,84.41333333333333
3477,87,115.66443650793653
3478,140,203.89333333333335
3479,221,334.95666666666665
3480,300,361.78333333333336
3481,332,309.7006666666667
3482,271,223.2018333333333
3483,222,191.45000000000002
3484,185,183.32
3485,162,148.9188888888889
3486,144,145.29333333333332
3487,141,132.79416666666665
3488,135,149.81408730158728
3489,164,172.36666666666667
3490,231,225.71
3491,305,270.22
3492,329,291.45
3493,334,346.62
3494,319,322.63
3495,268,284.48
3496,201,212.82333333333332
3497,141,154.75055555555554
3498,112,107.62666666666667
3499,81,98.72
3500,76,87.16333333333333
3501,118,123.36666666666666
3502,232,191.5925
3503,356,336.9433333333333
3504,360,338.48333333333335
3505,270,283.93666666666667
3506,180,208.67666666666668
3507,157,186.15333333333334
3508,143,166.01666666666668
3509,137,154.35666666666665
3510,127,149.88666666666666
3511,124,146.1220634920635
3512,120,153.85166666666666
3513,160,182.97333333333333
3514,198,223.05666666666667
3515,284,260.93666666666667
3516,344,319.2266666666667
3517,344,345.82666666666665
3518,340,329.52666666666664
3519,279,294.43333333333334
3520,206,212.05
3521,147,154.88333333333333
3522,106,113.89666666666666
3523,77,93.01
3524,71,82.25666666666666
3525,107,136.79333333333332
3526,240,249.29966666666664
3527,372,327.04333333333335
3528,359,371.8233333333333
3529,273,296.88666666666666
3530,229,251.33666666666667
3531,172,211.78666666666666
3532,163,191.75333333333333
3533,134,148.84833333333333
3534,141,147.89666666666668
3535,134,146.5711111111111
3536,130,164.00666666666666
3537,172,175.40333333333334
3538,219,208.72
3539,266,254.74
3540,308,310.97
3541,346,342.70666666666665
3542,337,322.22
3543,275,285.13
3544,209,213.16666666666666
3545,149,153.7
3546,107,108.04666666666667
3547,77,98.72
3548,87,87.05333333333333
3549,105,124.79666666666667
3550,206,251.8225
3551,362,344.1433333333333
3552,356,352.9266666666667
3553,275,286.88
3554,200,217.76
3555,160,190.86333333333334
3556,160,166.55333333333334
3557,130,159.63666666666666
3558,138,146.31666666666666
3559,135,143.7750793650794
3560,121,154.82166666666666
3561,160,178.73
3562,198,222.35666666666665
3563,281,270.22
3564,318,302.16333333333336
3565,354,356.4866666666667
3566,331,432.10333333333335
3567,275,278.56333333333333
3568,215,221.2
3569,145,156.13427777777778
3570,111,117.22
3571,78,80.69666666666667
3572,72,126.72666666666667
3573,105,119.51
3574,208,194.59416666666667
3575,341,346.3233333333333
3576,322,341.83
3577,265,261.54
3578,197,201.1975
3579,148,193.8213888888889
3580,145,169.55333333333334
3581,140,159.63333333333333
3582,133,153.07666666666665
3583,135,146.33552380952386
3584,129,155.64166666666668
3585,162,178.58666666666667
3586,190,225.65333333333334
3587,254,271.22
3588,286,292.3566666666667
3589,312,328.37333333333333
3590,326,425.08666666666664
3591,263,275.17333333333335
3592,216,222.41333333333333
3593,148,158.1723333333333
3594,120,107.31
3595,84,90.24166666666666
3596,77,91.30333333333333
3597,89,113.33333333333333
3598,176,207.83616666666666
3599,278,373.4533333333333
3600,332,338.50666666666666
3601,319,258.47333333333336
3602,243,214.58333333333334
3603,207,185.53666666666666
3604,170,169.85666666666665
3605,149,152.84333333333333
3606,139,146.84
3607,117,145.30007936507937
3608,150,148.69166666666666
3609,172,174.34666666666666
3610,203,225.02333333333334
3611,246,280.37
3612,277,295.56666666666666
3613,298,344.31666666666666
3614,281,332.5366666666667
3615,262,287.2366666666667
3616,212,221.73666666666668
3617,153,158.97416666666663
3618,122,113.71
3619,89,81.88666666666667
3620,76,133.19333333333333
3621,84,113.26
3622,131,222.24916666666667
3623,208,366.7
3624,320,338.55
3625,337,278.9433333333333
3626,271,232.23333333333332
3627,220,186.28333333333333
3628,191,175.25666666666666
3629,168,161.27666666666667
3630,150,163.58666666666667
3631,140,149.49
3632,140,142.51449999999997
3633,175,172.67333333333335
3634,224,220.89666666666668
3635,272,289.385
3636,305,325.25
3637,321,322.18666666666667
3638,322,450.9066666666667
3639,267,274.20666666666665
3640,201,222.07333333333332
3641,144,160.61377777777778
3642,104,113.00333333333333
3643,82,82.5
3644,67,87.39
3645,96,124.54333333333334
3646,213,194.29666666666665
3647,335,355.25666666666666
3648,344,349.12
3649,255,310.8433333333333
3650,221,263.13666666666666
3651,169,237.52877777777778
3652,147,214.32666666666665
3653,139,152.40666666666667
3654,147,148.36333333333334
3655,123,129.56166666666667
3656,151,144.0513888888889
3657,145,177.61666666666667
3658,201,223.34666666666666
3659,282,284.03583333333336
3660,315,318.4766666666667
3661,337,345.40622222222225
3662,324,436.68666666666667
3663,272,304.14666666666665
3664,211,227.51111111111115
3665,156,200.8433333333333
3666,116,115.35977777777778
3667,92,115.13
3668,68,90.43666666666667
3669,100,122.74666666666667
3670,196,197.4577777777778
3671,345,318.07666666666665
