,—éŽ­Žs,0
0,1311,1468.9633333333334
1,1448,1477.16
2,1352,1138.5466666666666
3,1299,1080.3833333333334
4,1238,1054.2466666666667
5,1163,1076.8583333333333
6,1182,1032.2518333333333
7,1169,1073.0633333333333
8,1173,975.0033333333333
9,1200,988.9366666666666
10,1322,1087.6766666666667
11,1519,1400.0875
12,1631,1575.5133333333333
13,1753,1703.9233333333334
14,1831,1779.71
15,1779,1635.9266666666667
16,1601,1435.378888888889
17,1320,1234.3866666666668
18,1124,981.0466666666666
19,908,843.6466666666666
20,778,813.2766666666666
21,774,764.9033333333333
22,888,969.6033333333334
23,1133,1362.26
24,1543,1502.9616666666666
25,1647,1555.91
26,1561,1413.9533333333334
27,1468,1319.33
28,1329,1155.2566666666667
29,1289,1114.0822222222223
30,1239,1099.3266666666666
31,1175,1084.4233333333334
32,1123,1000.4133333333333
33,1132,992.3333333333334
34,1223,1098.4033333333334
35,1411,1322.4777777777779
36,1578,1501.5866666666666
37,1700,1676.8466666666666
38,1779,1805.5566666666666
39,1725,1679.12
40,1551,1452.9255555555555
41,1246,1209.6333333333334
42,1102,1035.6166666666666
43,901,814.432
44,769,684.7116666666667
45,758,742.8133333333334
46,861,987.0566666666666
47,1091,1378.5516666666667
48,1443,1708.7216666666666
49,1572,1496.8866666666668
50,1455,1282.6733333333334
51,1359,1266.85
52,1304,1144.47
53,1192,1204.2233333333334
54,1215,1129.55
55,1185,1043.8286666666665
56,1101,1080.81
57,1149,1004.04
58,1217,1127.2466666666667
59,1365,1433.7833333333333
60,1551,1707.7433333333333
61,1629,1754.1055555555558
62,1722,1746.6866666666667
63,1682,1682.7306666666666
64,1480,1400.9766666666667
65,1253,1193.67
66,1053,975.88
67,878,879.82
68,736,716.8033333333333
69,753,747.8966666666666
70,813,889.1766666666666
71,1077,1344.6133333333332
72,1397,1670.7383333333332
73,1569,1529.6266666666668
74,1524,1378.15
75,1473,1273.89
76,1330,1128.73
77,1279,1187.4466666666667
78,1256,1193.9
79,1163,1129.0166666666667
80,1128,994.4666666666667
81,1134,978.4266666666666
82,1200,1118.3566666666666
83,1387,1324.9458333333334
84,1541,1560.3366666666666
85,1626,1691.71
86,1752,1808.1366666666668
87,1680,1548.78
88,1423,1485.8
89,1206,1251.7733333333333
90,1040,1008.5266666666666
91,835,848.9033333333333
92,749,787.91
93,726,773.95
94,808,945.51
95,1017,1439.4766666666667
96,1346,1605.9566666666667
97,1539,1465.3533333333332
98,1462,1291.82
99,1376,1213.03
100,1272,1050.99
101,1257,1102.4556666666667
102,1196,1048.0870000000002
103,1180,994.9633333333334
104,1113,958.4666666666667
105,1123,1023.03
106,1224,1360.5033333333333
107,1421,1513.3333333333333
108,1647,1721.0033333333333
109,1735,1772.2333333333333
110,1837,1813.2233333333334
111,1740,1695.2066666666667
112,1459,1474.5966666666666
113,1203,1224.0233333333333
114,1016,1015.7233333333334
115,844,847.6388888888888
116,708,716.5466666666666
117,733,780.4466666666667
118,855,969.2
119,1099,1433.1
120,1477,1641.2933333333333
121,1567,1446.0
122,1413,1291.82
123,1295,1290.98
124,1286,1093.0933333333332
125,1207,1104.4616666666666
126,1182,1045.1266666666668
127,1145,1093.64
128,1101,1110.7066666666667
129,1094,1151.7666666666667
130,1304,1168.92
131,1630,1304.2133333333334
132,1802,1547.7533333333333
133,1887,1677.3033333333333
134,1917,1741.4466666666667
135,1767,1563.515333333333
136,1460,1434.4733333333334
137,1194,1228.025
138,1020,987.1633333333333
139,828,819.7143095238096
140,726,705.2033333333334
141,797,719.6966666666667
142,968,904.83
143,1423,1227.3833333333334
144,1684,1584.59
145,1551,1494.2033333333334
146,1221,1260.5533333333333
147,1161,1134.8533333333332
148,1095,1146.2886666666666
149,1068,1075.8033333333333
150,1053,1089.8033333333333
151,1050,998.1966666666667
152,962,973.5433333333333
153,1038,968.05
154,1148,1072.1033333333332
155,1393,1351.3466666666666
156,1647,1573.3866666666668
157,1891,1660.1092222222221
158,1962,1797.38
159,1831,1716.5808333333334
160,1563,1517.8333333333333
161,1253,1260.84
162,1045,1020.86
163,836,839.9566666666667
164,772,719.0327896825398
165,809,710.2422222222222
166,944,910.1066666666667
167,1374,1215.5733333333333
168,1689,1476.9133333333334
169,1481,1527.1666666666667
170,1274,1411.5466666666666
171,1195,1219.59
172,1043,1145.5
173,1045,1114.94
174,1064,1054.7883333333334
175,995,1006.75
176,969,980.015
177,1031,1004.03
178,1162,1038.5966666666666
179,1388,1315.2383333333335
180,1679,1493.2966666666666
181,1849,1787.6680555555558
182,1904,1733.7066666666667
183,1825,1639.3583333333333
184,1531,1478.9090555555556
185,1271,1220.3892222222223
186,1012,955.51
187,840,813.2933333333333
188,739,673.9633333333334
189,795,744.9
190,939,979.4
191,1325,1387.2733333333333
192,1618,1629.2233333333334
193,1446,1506.0666666666666
194,1174,1349.1933333333334
195,1125,1315.6966666666667
196,1068,1155.4166666666667
197,1046,1110.3799206349206
198,1016,1052.1866666666667
199,966,974.0733333333334
200,912,965.0066666666667
201,999,964.95
202,1116,1129.0166666666667
203,1409,1322.7937777777781
204,1617,1588.0566666666666
205,1799,1688.8533333333332
206,1893,1780.1933333333334
207,1804,1657.3933333333334
208,1536,1448.4126666666668
209,1249,1196.9533333333334
210,1022,965.3991666666667
211,863,824.5233333333333
212,735,701.5473333333334
213,800,753.8533333333334
214,946,877.5166666666667
215,1398,1518.16
216,1713,1755.3305
217,1523,1524.3366666666666
218,1251,1361.06
219,1161,1308.0033333333333
220,1047,1188.35
221,1030,1236.3066666666666
222,1046,1142.5266666666666
223,1019,1061.0246666666665
224,999,1027.1066666666666
225,976,1065.2133333333334
226,1112,1135.61
227,1313,1542.7416666666666
228,1531,1661.3566666666666
229,1660,1735.04
230,1774,1772.26
231,1724,1548.17
232,1497,1455.29
233,1221,1212.7366666666667
234,1060,979.58
235,873,824.85
236,746,712.0933333333334
237,767,773.6666666666666
238,894,892.76
239,1157,1478.0566666666666
240,1549,1726.1716666666669
241,1646,1524.4633333333334
242,1515,1296.8233333333333
243,1377,1284.6833333333334
244,1289,1144.47
245,1203,1196.5433333333333
246,1213,1152.13
247,1176,1048.8553333333332
248,1076,1105.4233333333334
249,1112,1009.42
250,1238,1153.67
251,1366,1500.4958333333334
252,1527,1685.41
253,1681,1742.55
254,1711,1750.75
255,1653,1706.1866666666667
256,1447,1453.6233333333332
257,1221,1228.0233333333333
258,1035,1008.32
259,863,803.3
260,721,730.1533333333333
261,729,774.8766666666667
262,813,920.5833333333334
263,1065,1388.47
264,1404,1733.4265555555555
265,1558,1515.3733333333332
266,1467,1420.66
267,1357,1237.1633333333334
268,1268,1193.7005555555556
269,1244,1203.7266666666667
270,1220,1105.9
271,1171,1078.17
272,1122,968.5166666666667
273,1125,1067.2166666666667
274,1248,1190.0366666666666
275,1427,1432.2533333333333
276,1671,1586.5066666666667
277,1836,1728.7966666666666
278,1876,1800.2833333333333
279,1752,905.6266666666667
280,1463,1489.56
281,1227,1200.9033333333334
282,1017,999.7033333333334
283,821,816.07
284,704,722.51
285,743,788.3066666666666
286,906,924.9333333333333
287,1309,1333.65
288,1650,1556.4833333333333
289,1511,1384.1966666666667
290,1262,1176.28
291,1182,1196.55
292,1075,1217.7833333333333
293,1037,1034.5195555555554
294,1077,1046.11
295,1028,980.5833333333334
296,974,1011.31
297,997,1084.76
298,1148,1303.16
299,1402,1454.7533333333333
300,1692,1662.968
301,1800,1838.9233333333334
302,1881,1872.1266666666668
303,1776,1738.1633333333334
304,1461,1516.59
305,1217,1254.3083333333334
306,1007,1006.79
307,835,795.2566666666667
308,713,732.0633333333334
309,742,739.9933333333333
310,900,939.0166666666667
311,1233,1326.0266666666666
312,1474,1573.8033333333333
313,1342,1516.46
314,1100,1280.2566666666667
315,1069,1126.5033333333333
316,1028,1045.345
317,948,985.4125
318,973,1072.5033333333333
319,975,1149.16
320,938,1128.19
321,1026,1113.5066666666667
322,1263,1163.05
323,1543,1391.36
324,1814,1572.6033333333332
325,1959,1759.4733333333334
326,2016,1749.1766666666667
327,1838,1731.2566666666667
328,1561,1446.0533333333333
329,1259,1206.07
330,1032,1008.21
331,845,801.9133333333333
332,766,722.5433333333333
333,785,751.2633333333333
334,949,968.2666666666667
335,1299,1318.6833333333334
336,1614,1540.74
337,1473,1474.5233333333333
338,1216,1251.2266666666667
339,1127,1217.4633333333334
340,1055,1076.1166666666666
341,1044,1028.6275
342,1072,1062.1686666666667
343,1023,998.9333333333333
344,968,935.3766666666667
345,1041,1000.16
346,1157,1270.86
347,1400,1618.53
348,1667,1642.2144444444446
349,1773,1855.1333333333334
350,1922,1805.9666666666667
351,1801,1634.07
352,1524,1493.1066666666666
353,1248,1234.2366666666667
354,1059,1008.21
355,847,840.0733333333334
356,756,722.2266666666667
357,827,775.8766666666667
358,975,907.24
359,1402,1316.4033333333334
360,1700,1664.1766666666667
361,1545,1524.8766666666668
362,1276,1282.4033333333334
363,1175,1193.6833333333334
364,1126,1206.98
365,1108,1081.76
366,1088,1126.7133333333334
367,1038,1110.4243333333334
368,1009,1004.9733333333334
369,1013,1017.8066666666666
370,1095,1148.7766666666666
371,1337,1421.8625
372,1607,1587.3622222222223
373,1750,1801.1966666666667
374,1850,1843.4933333333333
375,1813,1597.7333333333333
376,1511,1507.688
377,1215,1240.0133333333333
378,1038,1020.6766666666666
379,848,811.7766666666666
380,763,735.29
381,778,804.98
382,946,932.33
383,1374,1337.3466666666666
384,1693,1628.6066666666666
385,1528,1516.2833333333333
386,1328,1235.3766666666668
387,1172,1204.5366666666666
388,1109,1111.9866666666667
389,1058,1073.06
390,1081,1126.92
391,1022,1115.596
392,988,997.91
393,1000,1018.3233333333334
394,1134,1231.0666666666666
395,1312,1497.4766666666667
396,1544,1707.5766666666666
397,1605,1841.78
398,1722,1862.9733333333334
399,1666,1849.3639999999998
400,1497,1471.0466666666666
401,1300,1214.6338333333333
402,1028,993.5266666666666
403,867,846.8366666666667
404,716,760.3933333333333
405,723,755.1533333333333
406,855,923.21
407,1102,1316.0533333333333
408,1386,1634.0266666666666
409,1473,1465.3233333333333
410,1402,1332.01
411,1288,1245.79
412,1268,1184.9233333333334
413,1206,1114.3233333333333
414,1140,1100.5533333333333
415,1092,993.97
416,1040,970.9366666666666
417,1079,1015.7033333333334
418,1187,1191.7766666666666
419,1380,1483.7444444444445
420,1519,1651.6066666666666
421,1654,1842.4266666666667
422,1731,1835.7533333333333
423,1617,1756.6666666666667
424,1431,1452.08
425,1200,1184.9121666666665
426,1013,996.3733333333333
427,818,827.6616666666666
428,711,731.7466666666667
429,692,743.7766666666666
430,773,909.0633333333334
431,982,1293.58
432,1267,1635.3833333333334
433,1455,1485.2033333333334
434,1351,1296.36
435,1247,1221.4033333333334
436,1213,1133.35
437,1187,1094.4666666666667
438,1134,1099.14
439,1127,1011.3533333333334
440,1088,947.77
441,1110,1012.3533333333334
442,1227,1202.0233333333333
443,1459,1464.4
444,1695,1731.4466666666667
445,1795,1843.78
446,1838,1832.3133333333333
447,1751,1844.5206666666666
448,1461,1471.0466666666666
449,1186,1173.5593333333334
450,1016,988.73
451,812,830.2633333333333
452,719,769.71
453,719,787.7166666666667
454,865,949.0433333333333
455,1153,1338.66
456,1467,1600.1733333333334
457,1335,1458.85
458,1111,1323.4833333333333
459,1042,1188.9333333333334
460,988,1052.025
461,966,1040.0398333333333
462,974,1026.7216666666666
463,965,1121.4233333333334
464,954,1150.4766666666667
465,1012,1256.1833333333334
466,1085,1499.4366666666667
467,1342,1870.5766666666666
468,1588,1468.5133333333333
469,1725,1767.13
470,1864,1810.2633333333333
471,1676,1406.2733333333333
472,1483,1581.3466666666666
473,1367,1491.6433333333334
474,1294,1234.81
475,1256,963.72
476,1354,955.48
477,1449,977.9233333333333
478,1604,937.1166666666667
479,1990,1341.0466666666666
480,2108,1503.17
481,1897,1435.6133333333332
482,1613,1238.8133333333333
483,1506,1219.5233333333333
484,1360,1153.2211111111112
485,1296,1243.7466666666667
486,1278,1238.8166666666666
487,1191,1076.762
488,1189,1122.65
489,1215,1026.2166666666667
490,1256,1168.66
491,1494,1344.68
492,1747,1636.6766666666667
493,1902,1775.4233333333334
494,2021,1820.9733333333334
495,1883,1707.5517777777777
496,1592,1394.0866666666666
497,1327,1191.705
498,1117,1048.0833333333333
499,940,884.2366666666667
500,801,747.67
501,825,747.58
502,1008,909.31
503,1448,1315.6433333333334
504,1788,1690.2943333333333
505,1627,1543.3266666666666
506,1377,1419.66
507,1225,1275.48
508,1147,1191.7733333333333
509,1139,1118.5233333333333
510,1072,1095.68
511,1056,1034.9833333333333
512,1010,1027.0266666666666
513,1081,1051.6266666666668
514,1163,1157.83
515,1465,1437.1666666666667
516,1714,1643.5466666666666
517,1842,1800.1966666666667
518,1897,1834.7
519,1815,1710.2966666666666
520,1530,1413.6133333333332
521,1274,1182.4066666666668
522,1072,986.3533333333334
523,846,857.4633333333334
524,758,732.1933333333334
525,806,765.2733333333333
526,971,896.0566666666666
527,1388,1269.9166666666667
528,1695,1678.9568333333334
529,1573,1502.2066666666667
530,1347,1419.76
531,1281,1286.08
532,1175,1200.7366666666667
533,1147,1117.0133333333333
534,1068,1081.8333333333333
535,1033,1034.0133333333333
536,1012,1029.9973333333335
537,1030,1054.0833333333333
538,1145,1157.7966666666666
539,1429,1397.7
540,1651,1651.4433333333334
541,1746,1865.2233333333334
542,1858,1923.7366666666667
543,1804,1684.6966666666667
544,1556,1487.5833333333333
545,1262,1235.0833333333333
546,1055,1022.48
547,867,854.2016666666667
548,758,719.0733333333334
549,781,761.3966666666666
550,966,885.39
551,1416,1210.4983333333332
552,1665,1767.0406666666665
553,1534,1586.2966666666666
554,1274,1349.1866666666667
555,1204,1318.3666666666666
556,1112,1165.2066666666667
557,1107,1107.05
558,1084,1089.2933333333333
559,1080,1020.1033333333334
560,1027,974.0233333333333
561,1023,1001.2566666666667
562,1142,1177.5933333333332
563,1364,1410.2133333333334
564,1540,1644.5866666666666
565,1671,1838.7433333333333
566,1776,1828.25
567,1682,1843.7866666666666
568,1492,1498.73
569,1242,1234.1583333333333
570,1036,1000.1466666666666
571,887,831.2533333333333
572,780,732.8166666666667
573,760,743.42
574,890,887.2466666666667
575,1197,1307.4433333333334
576,1551,1512.0844444444444
577,1652,1493.6633333333334
578,1557,1349.06
579,1470,1258.8133333333333
580,1302,1134.5208333333333
581,1283,1092.95
582,1290,1097.04
583,1182,1024.82
584,1117,1038.21
585,1146,1086.42
586,1226,1208.1833333333334
587,1400,1442.98
588,1563,1677.594777777778
589,1671,1738.8566666666666
590,1698,1771.8066666666666
591,1634,1689.3516666666667
592,1428,1481.6766666666667
593,1219,1244.82
594,1029,1006.95
595,882,800.3533333333334
596,730,735.9766666666667
597,743,779.63
598,834,932.2833333333333
599,1043,1211.2733333333333
600,1366,1518.9018888888893
601,1608,1546.7566666666667
602,1537,1367.9533333333334
603,1440,1305.7966666666666
604,1296,1163.6275
605,1285,1104.485
606,1225,1131.3716666666667
607,1193,1055.2533333333333
608,1108,1025.7466666666667
609,1175,1039.0033333333333
610,1270,1247.4733333333334
611,1510,1433.0166666666667
612,1768,1594.4533333333334
613,1805,1661.9866666666667
614,1839,1705.1133333333332
615,1720,1570.495
616,1418,1399.1533333333334
617,1236,1203.4091666666666
618,1003,971.3956666666667
619,817,791.9666666666667
620,695,730.9233333333333
621,763,746.67
622,918,904.1733333333333
623,1296,1349.11
624,1656,1540.953888888889
625,1538,1484.4633333333334
626,1256,1393.55
627,1195,1317.4666666666667
628,1137,1141.7422222222224
629,1061,1185.72
630,1079,1169.39
631,1021,1094.2783333333334
632,967,1140.6616666666666
633,991,1085.89
634,1157,1272.3033333333333
635,1403,1460.0633333333333
636,1674,1580.89
637,1807,1715.88
638,1846,1715.5633333333333
639,1766,1581.5366666666666
640,1467,1432.8
641,1223,1168.771
642,1012,963.93
643,823,820.8266666666667
644,704,731.44
645,762,744.1433333333333
646,881,912.1833333333333
647,1196,1261.57
648,1463,1584.96
649,1318,1385.4466666666667
650,1130,1184.12
651,1114,1230.7133333333334
652,1082,1127.6644444444446
653,1080,1085.8208333333334
654,1047,1062.0766666666666
655,1040,1013.1566666666666
656,980,992.9333333333333
657,1043,1082.0733333333333
658,1205,1298.3866666666668
659,1478,1569.02
660,1811,1569.2566666666667
661,1960,1740.32
662,1999,1806.2233333333334
663,1880,293.06333333333333
664,1604,1518.0766666666666
665,1356,1226.3235
666,1115,1008.8066666666666
667,919,836.37
668,795,761.92
669,820,753.1633333333333
670,1005,919.0866666666667
671,1401,1344.435
672,1713,1690.6161666666667
673,1567,1515.3733333333332
674,1266,1318.56
675,1191,1244.0166666666667
676,1092,1150.6766666666667
677,1062,1201.1833333333334
678,1097,1205.9933333333333
679,1027,1049.7553333333333
680,963,1081.0666666666666
681,1020,1009.3966666666666
682,1158,1174.8666666666666
683,1419,1414.9466666666667
684,1737,1737.99
685,1868,1798.69
686,1908,1831.8316666666667
687,1812,1736.74
688,1525,1403.4566666666667
689,1229,1189.81
690,1068,977.32
691,853,808.76
692,754,733.5733333333334
693,802,761.22
694,1013,909.55
695,1401,1327.3416666666667
696,1678,1687.9383333333333
697,1585,1521.1133333333332
698,1337,1325.0466666666666
699,1226,1294.42
700,1120,1142.4466666666667
701,1098,1198.62
702,1048,1191.71
703,1029,1069.2313333333334
704,977,1086.3366666666666
705,1024,995.2433333333333
706,1132,1183.21
707,1390,1431.6166666666666
708,1614,1731.0666666666666
709,1757,1855.33
710,1866,1788.3866666666668
711,1733,1601.91
712,1514,1519.8633333333332
713,1250,1234.68
714,1041,1012.3866666666667
715,851,819.8166666666667
716,756,717.3666666666667
717,770,772.4666666666667
718,918,929.29
719,1259,1384.1033333333332
720,1534,1632.0766666666666
721,1428,1594.21
722,1164,1245.94
723,1076,1183.7866666666666
724,1016,1088.5511111111111
725,1013,1041.7623333333333
726,993,1079.2325
727,1017,1075.3366666666666
728,962,1076.1533333333334
729,997,999.04
730,1147,1160.6833333333334
731,1303,1448.5366666666666
732,1484,1680.9935555555558
733,1702,1783.0866666666666
734,1729,1831.1233333333332
735,1688,1599.52
736,1494,1613.1833333333334
737,1233,1257.865
738,1074,1006.79
739,860,811.2666666666667
740,748,715.6866666666666
741,747,779.8733333333333
742,906,960.3933333333333
743,1150,1336.7366666666667
744,1522,1656.2908333333332
745,1637,1567.4666666666667
746,1499,1360.2933333333333
747,1416,1245.1533333333334
748,1308,1232.3294444444443
749,1241,1247.14
750,1246,1185.4522222222222
751,1126,1071.48
752,1083,1087.3
753,1077,1129.4366666666667
754,1166,1180.7133333333334
755,1344,1390.17
756,1529,1594.84
757,1674,1840.8683333333333
758,1738,1829.7566666666667
759,1676,1794.75
760,1464,1518.89
761,1205,1216.2233333333334
762,1002,1003.8733333333333
763,802,843.3033333333333
764,708,761.6333333333333
765,645,734.2966666666666
766,740,938.72
767,964,1342.19
768,1240,1751.0333333333333
769,1440,1394.7933333333333
770,1378,1154.3333333333333
771,1243,1153.8466666666666
772,1162,1074.98
773,1115,1057.2822222222223
774,1149,1030.145
775,1059,1011.2133333333334
776,1014,977.35
777,1065,1105.7433333333333
778,1233,1199.2566666666667
779,1482,1462.31
780,1639,1581.1422222222222
781,1763,1848.4133333333334
782,1824,1797.2433333333333
783,1688,1709.3133333333333
784,1424,1439.6366666666668
785,1194,1218.0211666666667
786,1003,1007.0066666666667
787,781,802.9233333333333
788,714,734.7233333333334
789,741,717.7466666666667
790,893,958.5566666666666
791,1244,1336.28
792,1571,1632.022
793,1456,1467.0233333333333
794,1244,1342.5866666666666
795,1170,1219.7833333333333
796,1080,1165.6833333333334
797,1055,1173.8433333333332
798,1060,1097.53
799,1043,1036.4133333333334
800,986,1061.07
801,1023,1060.7266666666667
802,1163,1182.12
803,1345,1452.3866666666668
804,1657,1656.985777777778
805,1825,1726.2733333333333
806,1923,1759.29
807,1795,1583.5641666666668
808,1509,1484.24
809,1218,1203.5266666666666
810,1007,984.0766666666667
811,829,836.2366666666667
812,719,700.14
813,741,808.9833333333333
814,939,839.43
815,1374,1326.33
816,1677,1529.1866666666667
817,1507,1444.43
818,1260,1274.2966666666666
819,1161,1172.2966666666666
820,1063,1098.1866666666667
821,1043,1085.5
822,1022,1093.96
823,951,1018.7516666666667
824,944,1055.6566666666668
825,1013,1069.3266666666666
826,1105,1186.5633333333333
827,1392,1445.35
828,1641,1663.3091111111114
829,1764,1683.93
830,1899,1760.5266666666666
831,1755,1664.2
832,1496,1479.39
833,1258,1240.49
834,1018,1025.2466666666667
835,842,878.3955555555555
836,723,725.0833333333334
837,727,761.6833333333333
838,877,893.5
839,1267,1342.3766666666668
840,1562,1534.9033333333334
841,1431,1490.8366666666666
842,1166,1483.2933333333333
843,1094,1325.6666666666667
844,1005,1121.6633333333334
845,1018,1140.22
846,1068,1105.5133333333333
847,992,1059.7633333333333
848,967,1019.3766666666667
849,1012,1008.7766666666666
850,1173,1229.1016666666667
851,1398,1290.3766666666668
852,1675,1597.2370000000003
853,1813,1756.9538888888892
854,1904,1767.36
855,1735,1588.1458333333333
856,1454,1399.26
857,1215,1176.455
858,1000,993.7133333333334
859,856,790.0833333333334
860,748,742.0933333333334
861,792,785.96
862,945,859.7266666666667
863,1430,1173.26
864,1726,1562.1166666666666
865,1570,1589.47
866,1325,1437.8266666666666
867,1238,1334.5166666666667
868,1147,1184.2677777777778
869,1168,1088.3166666666666
870,1095,1076.8033333333333
871,1072,1027.54
872,1011,974.79
873,1028,993.6666666666666
874,1156,1172.4966666666667
875,1406,1428.88
876,1567,1591.0066666666667
877,1710,1745.2433333333333
878,1830,1775.55
879,1745,1694.8266666666666
880,1525,1410.4713333333334
881,1262,1221.0746666666666
882,1018,995.59
883,832,818.7366666666667
884,685,729.3
885,726,858.0016666666667
886,844,846.89
887,1162,1342.3766666666668
888,1437,1426.64
889,1326,1306.6666666666667
890,1204,1208.14
891,1400,1257.7033333333334
892,1427,1121.58
893,1301,1078.8211111111111
894,1543,1191.4933333333333
895,1548,1246.02
896,1346,1198.3066666666666
897,1395,1257.8
898,1511,1272.26
899,1634,1503.3833333333334
900,1783,1652.9966666666667
901,1804,1718.7633333333333
902,1834,1750.7366666666667
903,1708,1626.52
904,1562,1416.9266666666667
905,1343,1240.6233333333332
906,1115,1058.8909999999998
907,955,1184.53
908,800,908.2833333333333
909,814,730.095
910,941,850.8733333333333
911,1216,1133.0833333333333
912,1620,1538.59
913,1656,1397.6333333333334
914,1535,1181.0366666666666
915,1409,1128.5133333333333
916,1308,1129.6366666666668
917,1269,1076.8833333333334
918,1254,1074.4
919,1219,1047.11
920,1123,1074.3033333333333
921,1126,1061.5266666666666
922,1234,1181.4033333333334
923,1396,1386.88
924,1591,1629.8066666666666
925,1695,1829.1033333333332
926,1740,1826.25
927,1682,1787.33
928,1500,1486.4866666666667
929,1249,1225.9701666666667
930,1071,973.9566666666667
931,874,818.1166666666667
932,772,719.7466666666667
933,740,802.4266666666666
934,765,1003.0066666666667
935,950,1290.6766666666667
936,1239,1590.8133333333333
937,1401,1489.7166666666667
938,1329,1253.5033333333333
939,1203,1185.2033333333334
940,1180,1064.525
941,1170,995.9906666666667
942,1182,1020.0783333333334
943,1154,1050.0933333333332
944,1096,1021.74
945,1143,1178.3133333333333
946,1286,1202.6866666666667
947,1513,1430.1166666666666
948,1729,1610.163
949,1852,1819.29
950,1877,1801.38
951,1765,1691.72
952,1475,1528.2933333333333
953,1278,1186.0633333333333
954,1023,1145.65
955,823,990.4933333333333
956,721,763.1033333333334
957,715,796.66
958,719,908.35
959,1110,1359.9933333333333
960,1473,1621.36
961,1308,1333.1
962,1128,1194.7266666666667
963,1069,1209.9633333333334
964,1105,1125.4633333333334
965,1151,1138.93
966,1156,1029.3868333333332
967,1194,986.57
968,1124,1012.9166666666666
969,1137,1082.8566666666666
970,1318,1240.7033333333334
971,1539,1475.0866666666666
972,1821,1610.4433333333334
973,2026,1727.9666666666667
974,2080,1798.54
975,1925,1471.6066666666666
976,1616,1618.13
977,1353,1201.4966666666667
978,1113,1004.3066666666666
979,893,827.8266666666667
980,785,730.7366666666667
981,826,800.4866666666667
982,967,990.5966666666667
983,1435,1336.28
984,1721,1632.022
985,1565,1497.14
986,1298,1250.6433333333334
987,1194,1161.8733333333332
988,1075,1113.8744444444444
989,1070,1050.8395555555555
990,1056,1071.87
991,1010,1170.3733333333332
992,1002,1122.1066666666666
993,1025,1195.99
994,1074,1229.5233333333333
995,1494,1475.2366666666667
996,1720,1669.0783333333334
997,1891,1721.8366666666666
998,2093,1847.21
999,2005,1614.78
1000,1744,1514.23
1001,1393,1214.3833333333334
1002,1135,985.3533333333334
1003,920,813.1333333333333
1004,817,761.3766666666667
1005,829,811.6533333333333
1006,978,939.6533333333333
1007,1350,1315.5866666666666
1008,1648,1563.7066666666667
1009,1455,1484.0866666666666
1010,1248,1232.07
1011,1214,1155.5
1012,1113,1080.1944444444443
1013,1106,1130.2033333333334
1014,1162,1118.2633333333333
1015,1092,1161.8833333333334
1016,1040,1143.2033333333334
1017,1079,1016.45
1018,1192,1222.57
1019,1488,1471.6733333333334
1020,1670,1686.69
1021,1916,1783.0866666666666
1022,1998,1840.1033333333332
1023,1865,1769.73
1024,1557,1485.4366666666667
1025,1280,1244.82
1026,1069,1021.6433333333333
1027,877,842.6833333333333
1028,761,735.41
1029,831,816.9766666666667
1030,980,1046.4966666666667
1031,1444,1323.4666666666667
1032,1751,1583.085
1033,1623,1497.1295555555555
1034,1350,1257.86
1035,1268,1183.5066666666667
1036,1109,1105.31
1037,1124,1130.09
1038,1136,1069.3566666666666
1039,1056,1041.7433333333333
1040,1000,1061.07
1041,1108,1043.9033333333334
1042,1196,1190.34
1043,1453,1436.9566666666667
1044,1610,1663.445777777778
1045,1788,1721.4133333333334
1046,1907,1753.4766666666667
1047,1766,1632.9758333333334
1048,1568,1418.84
1049,1309,1180.01
1050,1062,986.7683333333333
1051,859,809.3333333333334
1052,756,720.5366666666666
1053,798,780.95
1054,950,984.5033333333333
1055,1335,1325.57
1056,1589,1550.9066666666668
1057,1409,1484.5933333333332
1058,1134,1262.5366666666666
1059,1070,1140.3733333333332
1060,1041,1118.0433333333333
1061,1017,1079.802222222222
1062,1026,1090.16
1063,-99,1001.3783333333333
1064,-135,1063.3466666666666
1065,-103,1080.1166666666666
1066,518,1194.0533333333333
1067,1372,1439.3933333333334
1068,1602,1615.7883333333334
1069,1679,1820.5833333333333
1070,1763,2149.99
1071,1702,1703.8466666666666
1072,1428,1692.4033333333334
1073,1213,1392.6858333333332
1074,1006,1147.88
1075,835,990.66
1076,816,734.8133333333334
1077,874,786.34
1078,964,921.98
1079,1158,1340.8
1080,1470,1586.1433333333334
1081,1622,1413.2966666666666
1082,1556,1183.7433333333333
1083,1409,1215.3433333333332
1084,1310,1094.8066666666666
1085,1243,1090.6101666666666
1086,1242,1116.1266666666668
1087,1181,1090.3466666666666
1088,-21,1130.7033333333334
1089,-262,1164.38
1090,1261,1282.8433333333332
1091,1302,1527.7125
1092,1960,1795.9683333333332
1093,2105,1733.4033333333334
1094,2217,1806.5
1095,2077,1699.4966666666667
1096,1828,1400.2266666666667
1097,1523,1248.6565
1098,1326,987.3
1099,1058,799.0233333333333
1100,918,745.62
1101,881,756.4533333333334
1102,963,908.5333333333333
1103,1181,1206.4033333333334
1104,1474,1632.9166666666667
1105,1655,1555.92
1106,1624,1241.5633333333333
1107,1466,1184.47
1108,1394,1091.4677777777777
1109,1334,1169.97
1110,1306,1144.7533333333333
1111,1262,1161.8833333333334
1112,1179,1122.11
1113,1227,1003.25
1114,1333,1221.9766666666667
1115,1546,1502.1275
1116,1755,1641.49
1117,1882,1809.28
1118,1966,1810.26
1119,1847,1631.7366666666667
1120,1544,1540.72
1121,1285,1217.52
1122,1088,1020.85
1123,864,833.8333333333334
1124,741,750.7766666666666
1125,791,771.39
1126,963,930.4133333333333
1127,1408,1178.97
1128,1731,1663.7379444444446
1129,1585,1591.0833333333333
1130,1345,1368.8766666666668
1131,1225,1268.0066666666667
1132,1161,1212.4127777777778
1133,1150,1158.121111111111
1134,1140,1220.9833333333333
1135,1069,1061.19
1136,1029,1088.69
1137,1038,1093.2733333333333
1138,1127,1172.91
1139,1405,1477.6033333333332
1140,1637,1697.25
1141,1794,1800.7066666666667
1142,1933,1810.26
1143,1814,1607.1366666666668
1144,1553,1529.78
1145,1279,1232.8133333333333
1146,1038,996.5166666666667
1147,860,812.7533333333333
1148,766,712.9566666666667
1149,811,763.2133333333334
1150,956,1024.04
1151,1416,1327.18
1152,1675,1612.5363333333335
1153,1541,1504.9666666666667
1154,1268,1391.6266666666668
1155,1208,1219.8566666666666
1156,1151,1205.1980555555556
1157,1082,1237.11
1158,1065,1157.6566666666668
1159,977,1107.52
1160,989,1075.0521904761904
1161,1048,1099.455
1162,1163,1175.4333333333334
1163,1426,1370.6966666666667
1164,1600,1629.5066666666667
1165,1756,1756.3133333333333
1166,1873,1773.7966666666666
1167,1753,1676.7225
1168,1540,1396.8166666666666
1169,1260,1178.2833333333333
1170,1048,976.165
1171,872,817.35
1172,751,718.7766666666666
1173,796,765.8866666666667
1174,950,861.21
1175,1380,1254.9733333333334
1176,1663,1616.1566666666668
1177,1485,1502.9133333333334
1178,1234,1298.16
1179,1130,1219.5
1180,1090,1165.0655555555556
1181,1054,1153.7866666666666
1182,1065,1095.9566666666667
1183,1031,1053.6733333333334
1184,1009,1057.9528571428573
1185,1030,1048.9566666666667
1186,1154,1203.98
1187,1410,1449.5866666666666
1188,1683,1608.78
1189,1783,1750.1
1190,1832,1731.478888888889
1191,1753,1622.4575
1192,1475,1476.15
1193,1255,1225.83
1194,1056,1015.0533333333333
1195,854,836.2366666666667
1196,749,718.1266666666667
1197,836,822.3183333333334
1198,939,894.0233333333333
1199,1391,1177.6266666666668
1200,1661,1530.584277777778
1201,1525,1569.5155555555557
1202,1289,1466.8166666666666
1203,1171,1352.54
1204,1128,1219.023888888889
1205,1105,1252.435
1206,1071,1155.1383333333333
1207,1019,1094.3033333333333
1208,998,1022.9933333333333
1209,1030,1077.5933333333332
1210,1151,1204.0833333333333
1211,1430,1444.5133333333333
1212,1655,1597.2370000000003
1213,1743,1712.4833333333333
1214,1843,1725.5133333333333
1215,1738,1604.24
1216,1507,1418.3866666666668
1217,1261,1166.3133333333333
1218,1058,1032.8633333333332
1219,851,776.8066666666666
1220,731,729.3
1221,787,937.1144444444445
1222,923,930.0666666666667
1223,1303,1220.6133333333332
1224,1608,1528.0266666666666
1225,1482,1512.85
1226,1243,1441.54
1227,1157,1307.54
1228,1117,1122.7933333333333
1229,1094,1137.0233333333333
1230,1096,1112.1633333333334
1231,1032,1294.77
1232,957,1107.5133333333333
1233,992,1112.0733333333333
1234,1153,1222.8633333333332
1235,1332,1474.56
1236,1521,1574.5933333333332
1237,1624,1729.5233333333333
1238,1745,1713.8633333333332
1239,1618,1610.3541666666667
1240,1484,1490.1666666666667
1241,1264,1163.6033333333332
1242,1011,982.8508333333333
1243,836,827.32
1244,745,744.4166666666666
1245,699,820.655
1246,633,822.2866666666666
1247,959,1182.87
1248,1408,1548.8033333333333
1249,1438,1530.8266666666666
1250,1496,1304.9033333333334
1251,1504,1308.8533333333332
1252,1291,1200.7100000000003
1253,1278,1179.3733333333332
1254,1240,1137.0866666666666
1255,1224,1097.2216666666666
1256,1063,1041.5766666666666
1257,1121,1077.78
1258,1200,1252.8033333333333
1259,1414,1460.5266666666666
1260,1509,1643.6966666666667
1261,1617,1775.0433333333333
1262,1745,1776.8866666666668
1263,1619,1603.7508333333333
1264,1413,1392.2833333333333
1265,1256,1178.97
1266,1045,995.59
1267,831,794.1933333333334
1268,704,717.06
1269,682,762.62
1270,723,949.33
1271,922,1332.43
1272,1272,1682.1733333333334
1273,1464,1503.3506666666667
1274,1413,1297.5833333333333
1275,1313,1268.68
1276,1260,1163.9133333333334
1277,1209,1125.3233333333333
1278,1157,1086.9433333333334
1279,1085,1032.99
1280,1072,1130.7795238095239
1281,1127,1073.38
1282,1259,1180.41
1283,1462,1443.1966666666667
1284,1667,1612.86
1285,1771,1731.34
1286,1786,1773.79
1287,1723,1695.05
1288,1427,1456.3166666666666
1289,1176,1367.7794999999999
1290,1007,1155.3333333333333
1291,807,966.63
1292,706,733.2433333333333
1293,740,733.0433333333333
1294,856,961.41
1295,1212,1315.9166666666667
1296,1588,1569.2353333333333
1297,1477,1569.5366666666666
1298,1233,1291.0933333333332
1299,1143,1260.63
1300,1084,1215.7100000000003
1301,1112,1244.43
1302,1082,1266.36
1303,1002,1047.27
1304,1019,1083.5056666666667
1305,1035,1110.4328571428573
1306,1147,1182.99
1307,1411,1435.8766666666668
1308,1640,1574.8366666666666
1309,1761,1748.0166666666667
1310,1842,1777.77
1311,1731,1678.01
1312,1488,1385.9733333333334
1313,1229,1252.2325
1314,1018,976.3183333333334
1315,820,809.2766666666666
1316,745,722.6733333333333
1317,774,763.3333333333334
1318,972,901.1166666666667
1319,1395,1342.4166666666667
1320,1698,1568.6366666666668
1321,1517,1569.95
1322,1292,1414.7633333333333
1323,1195,1342.6733333333334
1324,1136,1197.211428571429
1325,1105,1244.43
1326,1063,1173.5466666666666
1327,1006,1081.8816666666667
1328,1001,1059.1466666666668
1329,1014,1099.1378571428572
1330,1103,1189.9333333333334
1331,1370,1463.0166666666667
1332,1603,1593.02
1333,1764,1748.8733333333332
1334,1882,1718.516111111111
1335,1728,1589.6066666666666
1336,1502,1413.7033333333334
1337,1258,1193.7766666666666
1338,1038,990.8366666666667
1339,859,868.3566666666667
1340,693,727.51
1341,780,905.8861111111113
1342,951,869.3133333333334
1343,1304,1259.85
1344,1588,1567.0066666666667
1345,1465,1508.884
1346,1184,1285.47
1347,1109,1194.51
1348,1089,1115.3533333333332
1349,1065,1062.09
1350,1077,1110.1566666666668
1351,972,1059.6666666666667
1352,938,1055.4366666666667
1353,1017,1038.89
1354,1099,1222.0133333333333
1355,1356,1519.4733333333334
1356,1556,1636.0283333333334
1357,1767,1687.9633333333334
1358,1866,1713.4722222222224
1359,1727,1617.5733333333333
1360,1537,1397.2366666666667
1361,1241,1220.5333333333333
1362,1021,930.7886666666666
1363,835,788.29
1364,731,805.8331388888887
1365,759,743.0783333333334
1366,869,869.7666666666667
1367,1187,1186.0466666666666
1368,1481,1389.5466666666666
1369,1250,1542.4066666666668
1370,1074,1341.4133333333334
1371,1024,1200.57
1372,854,1186.12
1373,952,1207.4766666666667
1374,1005,1234.1133333333332
1375,1091,1197.6966666666667
1376,1121,1227.7166666666667
1377,1257,1152.25
1378,1353,1266.1933333333334
1379,1610,1506.9166666666667
1380,1808,1596.06
1381,2027,1698.2
1382,2102,1706.7666666666667
1383,2040,1618.6166666666666
1384,1813,1442.2733333333333
1385,1504,1237.8866666666668
1386,1242,1009.035
1387,1009,871.97
1388,870,629.6133333333333
1389,914,718.7599999999999
1390,1039,898.9266666666666
1391,1414,1264.251111111111
1392,1646,1467.3212222222223
1393,1564,1451.48
1394,1323,1308.2466666666667
1395,1212,1329.5522222222223
1396,1179,1203.405
1397,1179,1102.5766666666666
1398,1129,1118.76
1399,1076,1021.7933333333333
1400,1037,1004.98
1401,1079,1041.07
1402,1185,1187.76
1403,1423,1506.04
1404,1596,1629.0985555555555
1405,1715,1743.91
1406,1763,1748.3080555555557
1407,1705,1670.4216666666666
1408,1548,1284.3733333333332
1409,1285,1205.8266666666666
1410,1095,987.1876666666668
1411,918,846.4335000000002
1412,774,687.5066666666667
1413,771,768.7533333333333
1414,875,964.2733333333333
1415,1092,1299.9533333333334
1416,1422,1524.1333333333334
1417,1532,1510.5866666666666
1418,1441,1247.5366666666666
1419,1329,1339.1644444444444
1420,1290,1212.39
1421,1244,1163.16
1422,1267,1119.7533333333333
1423,1148,1021.1466666666666
1424,1132,1037.61
1425,1179,1026.6666666666667
1426,1239,1178.1133333333332
1427,1458,1460.1475
1428,1576,1618.093
1429,1602,1685.63
1430,1680,2016.9633333333334
1431,1634,1703.5633333333333
1432,1424,467.16
1433,1273,1412.5575
1434,1072,1085.3833333333334
1435,877,819.3963333333334
1436,752,813.3633333333333
1437,695,830.2233333333334
1438,770,891.7033333333334
1439,948,1331.9233333333334
1440,1258,1479.7033333333334
1441,1509,1495.7133333333334
1442,1420,1253.6933333333334
1443,1276,1224.8433333333332
1444,1255,1142.11
1445,1241,1249.5133333333333
1446,1232,1158.19
1447,1202,1007.55
1448,1451,1020.0933333333334
1449,1458,1206.9433333333334
1450,1465,1311.3066666666666
1451,1672,1495.1833333333334
1452,1848,1597.9624444444446
1453,1948,1724.0855555555556
1454,1926,1736.1266666666668
1455,1777,1615.2941666666666
1456,1515,1440.7866666666666
1457,1264,1274.2366666666667
1458,1104,1260.5533333333333
1459,896,940.8666666666667
1460,781,749.4066666666666
1461,749,769.8266666666667
1462,920,882.33
1463,1504,1287.7566666666667
1464,1734,1564.72
1465,1609,1446.6433333333334
1466,1471,1316.76
1467,1353,1268.3494444444445
1468,1308,1122.8866666666668
1469,1273,1083.8666666666666
1470,1220,1202.6466666666668
1471,1202,1015.6533333333333
1472,1170,1021.0
1473,1144,1053.1166666666666
1474,1287,1186.96
1475,1543,1428.1
1476,1757,1641.0481111111112
1477,1930,1703.143611111111
1478,1954,1748.2666666666667
1479,1822,1032.1433333333334
1480,1561,1447.9866666666667
1481,1302,1260.44
1482,1123,1111.8348333333333
1483,901,967.9166666666666
1484,788,600.7255555555556
1485,829,841.5597222222221
1486,954,905.1
1487,1266,1360.5666666666666
1488,1576,1524.5433333333333
1489,1437,1488.99
1490,1229,1226.8166666666666
1491,1152,1160.555
1492,1088,1125.13
1493,1069,1071.9033333333334
1494,1093,1132.8
1495,1068,1017.0833333333334
1496,1057,1052.1266666666668
1497,1070,1049.3833333333334
1498,1222,1190.9866666666667
1499,1436,1492.8166666666666
1500,1677,1638.232777777778
1501,1868,1747.483611111111
1502,1928,1776.8066666666666
1503,1789,1627.1233333333332
1504,1565,1415.85
1505,1291,1213.7866666666666
1506,1065,930.7019999999999
1507,885,760.9333333333333
1508,766,845.9893333333333
1509,792,741.03
1510,930,921.08
1511,1293,1379.5866666666666
1512,1606,1485.8501666666666
1513,1497,1508.3133333333333
1514,1197,1441.68
1515,1081,1255.4966666666667
1516,1053,1145.3366666666666
1517,1059,1196.62
1518,1055,1212.1266666666668
1519,1013,1148.75
1520,1001,1200.43
1521,1049,1130.3033333333333
1522,1153,1255.9566666666667
1523,1457,1466.83
1524,1642,1622.5866666666666
1525,1795,1785.49
1526,1890,984.87
1527,1777,1035.2933333333333
1528,1507,1494.7033333333334
1529,1183,1250.6566666666668
1530,971,1138.0611666666666
1531,806,918.6966666666667
1532,872,679.538888888889
1533,1062,806.24
1534,1246,941.26
1535,1577,1265.0366666666666
1536,1809,1566.0466666666666
1537,1648,1447.14
1538,1436,1282.8480000000002
1539,1339,1266.1666666666667
1540,1286,1202.8408095238094
1541,1213,1191.2933333333333
1542,1198,1126.5166666666667
1543,1107,1034.6
1544,1073,1025.31
1545,1094,1042.9033333333334
1546,1237,1255.3427777777777
1547,1511,1303.8533333333332
1548,1681,1626.1895555555557
1549,1877,1675.325
1550,1955,1714.8166666666666
1551,1810,1624.3933333333334
1552,1525,1554.92
1553,1276,320.6566666666667
1554,1089,986.4756666666667
1555,887,820.5533333333333
1556,783,744.4022222222222
1557,826,718.0566666666666
1558,958,823.89
1559,1361,1298.8566666666666
1560,1632,1575.3566666666666
1561,1466,1482.2233333333334
1562,1221,1239.4133333333334
1563,1118,1127.87
1564,1045,1101.9566666666667
1565,1048,1121.3985714285714
1566,1091,1177.49
1567,1064,1045.3433333333332
1568,988,994.7266666666667
1569,983,1025.36
1570,1130,1181.5
1571,1328,1433.9533333333334
1572,1534,1651.235666666667
1573,1693,1712.4833333333333
1574,1712,1740.3233333333333
1575,1729,1602.2783333333334
1576,1477,1421.2266666666667
1577,1264,1206.0533333333333
1578,1104,973.2675
1579,910,807.51
1580,827,742.91
1581,798,761.7233333333334
1582,912,814.0066666666667
1583,1221,1219.79
1584,1468,1556.2216666666666
1585,1530,1410.3
1586,1454,1164.1333333333334
1587,1369,1147.6966666666667
1588,1279,1102.1433333333334
1589,1258,1092.05
1590,1322,1048.5033333333333
1591,1226,1048.05
1592,1190,1052.97
1593,1156,1075.74
1594,1248,1186.61
1595,1412,1448.7333333333333
1596,1587,1610.895777777778
1597,1696,1669.8633333333332
1598,1718,1714.1694444444445
1599,1675,1612.7816666666668
1600,1455,1436.0733333333333
1601,1290,1282.2033333333334
1602,1075,1010.1266666666667
1603,912,955.1233333333333
1604,793,731.1433333333333
1605,726,840.7313888888889
1606,771,969.8366666666667
1607,966,1204.9366666666667
1608,1268,1546.2133333333334
1609,1551,1400.97
1610,1543,1189.0066666666667
1611,1461,1135.0
1612,1361,1091.3466666666666
1613,1301,1133.9966666666667
1614,1276,1136.1466666666668
1615,1227,1043.7
1616,1149,1030.7366666666667
1617,1165,1073.1866666666667
1618,1280,1217.49
1619,1492,1402.6766666666667
1620,1680,1638.232777777778
1621,1800,1775.7652777777776
1622,1834,1722.9466666666667
1623,1716,1602.9383333333333
1624,1444,1421.2266666666667
1625,1228,1213.88
1626,1014,1058.2743333333333
1627,817,1134.32
1628,706,805.74
1629,747,799.2566666666667
1630,889,834.4066666666666
1631,1268,1226.63
1632,1613,1556.15
1633,1502,1577.8533333333332
1634,1333,1256.7766666666666
1635,1209,1191.7766666666666
1636,1104,1186.9566666666667
1637,1071,1157.2775
1638,1074,1129.92
1639,1030,1043.7766666666666
1640,996,989.2166666666667
1641,1009,1010.9166666666666
1642,1151,1236.92
1643,1394,1448.21
1644,1631,1604.3066666666666
1645,1818,1704.37
1646,1886,1717.8983333333333
1647,1743,1615.0875
1648,1455,1413.3033333333333
1649,1214,1323.6133333333332
1650,992,1068.4966666666667
1651,798,821.52
1652,717,708.9266666666666
1653,694,783.3566666666667
1654,836,922.3366666666667
1655,1162,1383.94
1656,1475,1533.6533333333334
1657,1361,1493.5666666666666
1658,1188,1180.5933333333332
1659,1106,1145.4266666666667
1660,1037,1070.9866666666667
1661,985,1081.3000714285715
1662,994,1095.6466666666668
1663,990,1026.715
1664,933,1007.87
1665,988,1041.0633333333333
1666,1133,1213.4966666666667
1667,1394,1461.55
1668,1594,1654.0690000000002
1669,1759,1728.5933333333332
1670,1849,1724.2533333333333
1671,1750,1604.24
1672,1501,1401.6933333333334
1673,1249,1193.3833333333334
1674,1050,997.1683333333333
1675,832,852.4666666666667
1676,716,722.9766666666667
1677,732,838.52
1678,854,851.2633333333333
1679,1250,1339.15
1680,1571,1534.8733333333332
1681,1457,1480.14
1682,1221,1270.35
1683,1150,1147.7366666666667
1684,1088,1137.4766666666667
1685,1059,1085.4233333333334
1686,1058,1107.8433333333332
1687,1007,1044.21
1688,937,1022.6566666666666
1689,1010,1051.2833333333333
1690,1128,1187.0466666666666
1691,1383,1440.23
1692,1675,1572.7155555555555
1693,1774,1741.8205555555555
1694,1870,1730.3166666666666
1695,1735,1592.9383333333333
1696,1455,1414.25
1697,1216,1436.3933333333334
1698,991,1359.825
1699,836,990.95
1700,721,783.9833333333333
1701,735,756.2066666666667
1702,816,915.3866666666667
1703,1153,1368.2633333333333
1704,1412,1477.0366666666666
1705,1283,1445.4566666666667
1706,1090,1214.4366666666667
1707,1008,1321.5066666666667
1708,959,1110.05
1709,978,1080.4508333333333
1710,980,1085.8
1711,953,1175.33
1712,928,1142.0
1713,978,1091.0733333333333
1714,1172,1241.0166666666667
1715,1459,1501.0066666666667
1716,1762,1819.7333333333333
1717,1953,1840.8633333333332
1718,2012,1905.6733333333334
1719,1966,1096.5383333333334
1720,1798,1469.8066666666666
1721,1543,1427.9766666666667
1722,1348,1224.39
1723,1145,948.13
1724,1054,701.76
1725,1024,798.3866666666667
1726,1140,883.8366666666667
1727,1525,1291.7
1728,1827,1548.4566666666667
1729,1660,1400.4233333333334
1730,1428,1361.0633333333333
1731,1309,1292.64
1732,1205,1159.2066666666667
1733,1203,1186.7783333333334
1734,1185,1082.3033333333333
1735,1188,1045.2966666666666
1736,1117,1032.6266666666668
1737,1165,1040.2366666666667
1738,1279,1214.8066666666666
1739,1474,1436.4333333333334
1740,1623,1603.9033333333334
1741,1763,1753.3869444444442
1742,1820,1766.8966666666668
1743,1775,1607.3316666666667
1744,1539,1395.6833333333334
1745,1300,1221.21
1746,1096,841.4543333333332
1747,906,871.1866666666666
1748,801,809.575
1749,756,734.9333333333333
1750,881,841.5266666666666
1751,1120,1416.0233333333333
1752,1479,1549.3966666666668
1753,1568,1485.66
1754,1461,1400.63
1755,1357,1260.7966666666666
1756,1252,1122.3466666666666
1757,1159,1128.16
1758,1179,1112.8533333333332
1759,1136,1316.7766666666666
1760,932,1181.0233333333333
1761,996,1146.9733333333334
1762,1191,1266.9
1763,1410,1509.1558333333332
1764,1577,1513.37
1765,1686,1812.42
1766,1706,1754.6233333333332
1767,1868,1149.7033333333334
1768,1965,1536.4533333333334
1769,1754,1528.9166666666667
1770,1542,1188.4533333333334
1771,1392,822.8166666666667
1772,1228,713.8566666666667
1773,1216,912.9870833333333
1774,1221,851.9066666666666
1775,1330,1265.62
1776,1536,1559.8633333333332
1777,1671,1522.3333333333333
1778,1625,1243.1833333333334
1779,1598,1204.7133333333334
1780,1467,1177.46
1781,1390,1207.31
1782,1355,1114.2733333333333
1783,1277,1057.1233333333332
1784,1241,1063.91
1785,1264,1060.0433333333333
1786,1374,1254.72
1787,1500,1474.24
1788,1701,1578.86
1789,1852,1693.7033333333334
1790,1873,1719.1133333333332
1791,1748,1603.525
1792,1554,1413.6566666666668
1793,1259,1258.65
1794,1082,977.5404761904762
1795,990,824.95
1796,851,722.69
1797,874,762.6933333333334
1798,950,901.7066666666667
1799,1191,1369.7466666666667
1800,1493,1511.47
1801,1570,1490.2933333333333
1802,1468,1385.67
1803,1394,1247.8655555555556
1804,1315,1145.3366666666666
1805,1250,1246.7433333333333
1806,1213,1155.5966666666666
1807,1152,1034.2366666666667
1808,1173,1045.56
1809,1182,1067.2433333333333
1810,1307,1245.7233333333334
1811,1560,1481.73
1812,1753,1629.1333333333334
1813,1847,1661.59
1814,1909,1739.42
1815,1756,858.9366666666666
1816,1554,1442.5433333333333
1817,1323,1284.9866666666667
1818,1116,758.2791666666667
1819,983,947.8866666666667
1820,868,731.5094444444445
1821,838,916.3677777777779
1822,986,915.84
1823,1369,1274.6266666666668
1824,1616,1520.84
1825,1486,1481.0466666666666
1826,1286,1257.1333333333334
1827,1164,1189.9233333333334
1828,1062,1161.2533333333333
1829,1100,1254.3
1830,1106,1147.18
1831,1055,1049.1
1832,1081,1119.4666666666667
1833,1177,1128.9266666666667
1834,1398,1245.4233333333334
1835,1565,1472.5
1836,1750,1608.9333333333334
1837,1874,1683.4666666666667
1838,2011,1904.3666666666666
1839,1895,1092.48
1840,1826,1474.6233333333332
1841,1576,1468.88
1842,1342,1279.2133333333334
1843,1144,970.2566666666667
1844,1000,739.4083333333333
1845,1035,805.5045833333334
1846,1118,865.7833333333333
1847,1536,1205.99
1848,1806,1574.5733333333333
1849,1697,1520.06
1850,1475,1405.9966666666667
1851,1337,1290.5311111111112
1852,1290,1124.49
1853,1287,1088.6666666666667
1854,1256,1289.9591666666668
1855,1196,1090.8266666666666
1856,1197,1025.5566666666666
1857,1167,1029.7833333333333
1858,1312,1173.8033333333333
1859,1580,1477.9758333333334
1860,1751,1612.8127777777777
1861,1946,1717.3
1862,1958,1718.3966666666668
1863,1785,1432.96
1864,1557,1461.3933333333334
1865,1310,1147.66
1866,1107,986.39
1867,919,829.3182222222223
1868,835,690.8333333333334
1869,838,753.19
1870,978,880.7833333333333
1871,1306,1183.35
1872,1601,1521.1633333333334
1873,1507,1460.14
1874,1214,1201.0166666666667
1875,1180,1225.77
1876,1126,1269.26
1877,1128,1188.5166666666667
1878,1103,1121.6666666666667
1879,1095,1048.4166666666667
1880,589,1207.4133333333334
1881,883,1299.7333333333333
1882,1654,1340.89
1883,1974,1498.2225
1884,2414,1574.6033333333332
1885,2413,1734.8066666666666
1886,2618,1746.7644444444443
1887,2637,1672.91
1888,2330,1506.4633333333334
1889,2044,288.76416666666665
1890,1826,979.6505555555555
1891,1637,930.8633333333333
1892,1483,763.14
1893,1492,790.6266666666667
1894,1629,953.7333333333333
1895,1945,1290.0266666666666
1896,2125,1563.46
1897,1898,1542.8366666666666
1898,1791,1384.1233333333332
1899,1710,1236.4166666666667
1900,1594,1266.1233333333332
1901,1520,1228.7033333333334
1902,1470,1210.4333333333334
1903,1324,1020.9866666666667
1904,1325,1037.55
1905,1356,1029.7833333333333
1906,1453,1230.9822222222222
1907,1628,1440.7766666666666
1908,1822,1650.4521111111112
1909,1915,1657.7633333333333
1910,1980,1738.4633333333334
1911,1876,1761.1333333333334
1912,1689,1466.0466666666666
1913,1467,1230.9233333333334
1914,1269,1000.8815555555556
1915,1064,824.3338492063493
1916,935,693.2733333333333
1917,947,843.82
1918,1045,1012.7866666666666
1919,1268,1208.8266666666666
1920,1573,1514.778
1921,1661,1601.9766666666667
1922,1567,1379.5533333333333
1923,1540,1337.1988888888889
1924,1429,1171.9183333333333
1925,1378,1189.5033333333333
1926,1394,1100.04
1927,1326,1125.3866666666668
1928,1242,1031.7866666666666
1929,1260,1059.1233333333332
1930,1399,1220.1967222222222
1931,1551,1405.432
1932,1653,1626.0266666666666
1933,1759,1682.9777777777779
1934,1797,1754.6813333333334
1935,1725,1612.83
1936,1547,1706.1366666666668
1937,1338,1232.4766111111112
1938,1141,972.331888888889
1939,913,791.7466666666667
1940,812,703.2489999999999
1941,784,831.6433333333333
1942,837,1001.2166666666667
1943,1078,1335.25
1944,1374,1592.6633333333334
1945,1572,1662.05
1946,1481,1287.5966666666666
1947,1434,1476.655
1948,1259,1325.0766666666666
1949,1243,1304.5266666666666
1950,1277,1263.03
1951,1212,1208.89
1952,1170,1006.62
1953,1283,1010.9833333333333
1954,1379,1228.5973333333332
1955,1578,1466.5815238095236
1956,1754,1632.9783333333332
1957,1907,1682.9777777777779
1958,1903,1754.0688333333337
1959,1793,1622.3866666666668
1960,1524,1641.4166666666667
1961,1272,1396.167
1962,1078,962.957888888889
1963,857,820.9416666666667
1964,789,707.4667777777778
1965,804,797.48
1966,919,1004.3833333333333
1967,1238,1395.5266666666666
1968,1538,1462.05
1969,1427,1339.02
1970,1257,1287.34
1971,1191,1267.5433333333333
1972,1109,1178.8933333333334
1973,1073,1258.5866666666666
1974,1113,1114.9433333333334
1975,1021,1031.1066666666666
1976,930,1148.58
1977,1238,1247.0466666666666
1978,1545,1231.2688888888888
1979,1653,1337.6366666666668
1980,1684,1725.861111111111
1981,2170,1677.2466666666667
1982,2551,1649.326111111111
1983,2296,1656.7
1984,2147,446.11
1985,1786,1274.01
1986,1454,1082.905
1987,1222,962.9368333333333
1988,1055,795.2033333333334
1989,1066,855.8866666666667
1990,1225,1041.9
1991,1604,1333.5672380952383
1992,1838,1597.2533333333333
1993,1690,1437.9633333333334
1994,1548,1495.2466666666667
1995,1457,1273.2537777777777
1996,1350,1171.4194761904762
1997,1021,1191.1666666666667
1998,998,1066.1633333333334
1999,1126,1022.9966666666667
2000,1212,1030.64
2001,1416,1048.0333333333333
2002,1562,1194.55
2003,1701,1447.7386666666666
2004,1897,1669.8744444444449
2005,1995,1658.5490555555555
2006,2083,1725.9358333333337
2007,1889,1632.6716666666666
2008,1657,1575.0
2009,1336,1211.8733333333332
2010,1132,973.3570555555557
2011,951,801.4323333333334
2012,842,725.7033333333334
2013,939,814.8866666666667
2014,1106,965.83
2015,1520,1301.3858518518518
2016,1805,1581.93
2017,1672,1507.6944444444446
2018,1480,1329.5033333333333
2019,1406,1318.3133333333333
2020,1306,1149.2993333333334
2021,1250,1202.98
2022,1257,1079.6266666666668
2023,1179,1014.8333333333334
2024,1102,1031.5666666666666
2025,1175,1021.3933333333333
2026,1276,1181.3
2027,1551,1427.5980000000002
2028,1703,1646.589380952381
2029,1899,1790.5466666666666
2030,1897,1734.2463888888894
2031,1760,1622.3866666666668
2032,1528,1620.5133333333333
2033,1278,1320.297
2034,1079,963.3762222222222
2035,910,827.4233333333333
2036,827,706.4798333333333
2037,873,792.0566666666666
2038,1018,1046.6866666666667
2039,1444,1331.5821269841272
2040,1698,1561.81
2041,1573,1481.81
2042,1337,1494.44
2043,1282,1177.7461111111113
2044,1205,1255.2951428571428
2045,1177,1124.1526666666666
2046,1161,1122.2933333333333
2047,1085,1054.6566666666668
2048,1029,1054.1666666666667
2049,1102,1040.2666666666667
2050,1209,1182.64
2051,1474,1505.6280000000002
2052,1657,1677.811777777778
2053,1807,1657.672111111111
2054,1888,1775.7011984126987
2055,1747,1643.3933333333334
2056,1584,1416.6766666666667
2057,1280,1147.8133333333333
2058,1049,917.4666666666667
2059,898,772.81
2060,796,718.8366666666667
2061,820,758.8266666666667
2062,982,951.43
2063,1389,1395.6495555555557
2064,1683,1628.3666666666666
2065,1561,1431.16
2066,1323,1252.9866666666667
2067,1251,1253.740222222222
2068,1154,1189.81
2069,1096,1175.6766666666667
2070,1098,1229.9533333333334
2071,1053,1130.1166666666666
2072,1032,977.4966666666667
2073,1025,1042.28
2074,1158,1195.2266666666667
2075,1278,1480.21
2076,1499,1757.800777777778
2077,1770,1722.02
2078,1916,2255.536531746032
2079,1785,1647.7233333333334
2080,1667,1424.7866666666666
2081,1419,1252.022
2082,1168,1112.9733333333334
2083,968,1030.59
2084,823,800.82
2085,742,810.8066666666666
2086,788,1044.7333333333333
2087,1182,1328.4366666666667
2088,1349,1424.5266666666666
2089,1364,1317.72
2090,1322,1294.0433333333333
2091,1278,1251.41
2092,1239,1141.0233333333333
2093,1331,1103.61
2094,1449,1172.2666666666667
2095,1428,1035.6066666666666
2096,1564,1109.4166666666667
2097,1724,1128.43
2098,1826,1235.9846666666667
2099,1927,1360.6033333333332
2100,2007,1626.0266666666666
2101,2029,1680.3666666666666
2102,2069,1742.6646666666668
2103,1910,1613.8066666666666
2104,1734,1578.9766666666667
2105,1485,1395.6666666666667
2106,1260,969.0631111111112
2107,1014,816.6116666666667
2108,913,706.6056666666666
2109,909,777.0266666666666
2110,1006,1031.4966666666667
2111,1196,1304.1969206349204
2112,1557,1586.4366666666667
2113,1747,1489.5833333333333
2114,1710,1330.6633333333334
2115,1624,1288.5082222222222
2116,1507,1153.6183333333333
2117,1479,1135.1433333333334
2118,1399,1099.7733333333333
2119,1322,1038.2466666666667
2120,1305,981.83
2121,1310,1078.3966666666668
2122,1404,1204.9
2123,1564,1495.0933333333332
2124,1667,1627.3892222222223
2125,1767,1679.2221666666665
2126,1839,1781.3866666666668
2127,1780,1585.7517777777778
2128,1546,1442.4766666666667
2129,1337,1166.46
2130,1099,1065.8833333333334
2131,922,1043.3466666666666
2132,818,828.9133333333333
2133,834,799.98
2134,985,871.41
2135,1343,1283.9810476190476
2136,1635,1586.43
2137,1608,1482.09
2138,1378,1303.6633333333334
2139,1380,1286.9766666666667
2140,1257,1208.885
2141,1219,1198.53
2142,1259,1083.74
2143,1195,1053.3033333333333
2144,1072,978.1066666666667
2145,1152,1065.9433333333334
2146,1286,1138.36
2147,1511,1506.5566666666666
2148,1738,1652.6891666666668
2149,1845,1726.9255555555553
2150,1845,1670.9633333333334
2151,1770,1590.490388888889
2152,1509,1398.02
2153,1267,1190.365
2154,1093,973.8566666666667
2155,866,786.6933333333334
2156,788,736.4066666666666
2157,811,820.8033333333333
2158,1002,969.4866666666667
2159,1336,1236.582222222222
2160,1688,1526.9066666666668
2161,1525,1424.25
2162,1334,1319.41
2163,1272,1306.305
2164,1197,1217.5833333333333
2165,1158,1137.3966666666668
2166,1172,1096.7333333333333
2167,1109,1041.8933333333334
2168,1025,1014.06
2169,1092,1055.74
2170,1234,1145.7733333333333
2171,1447,1517.2166666666667
2172,1711,1660.6778333333332
2173,1846,1768.9933333333333
2174,1824,1663.0166666666667
2175,1728,1590.490388888889
2176,1465,1398.02
2177,1214,1202.3883333333333
2178,1047,967.67
2179,893,787.8
2180,781,733.2766666666666
2181,819,777.8266666666667
2182,967,950.8966666666666
2183,1380,1216.9733333333334
2184,1609,1514.02
2185,1566,1470.107777777778
2186,1424,1271.55
2187,1254,1226.22
2188,1205,1134.5733333333333
2189,1161,1231.7433333333333
2190,1132,1112.6
2191,1088,1067.97
2192,1008,964.0866666666667
2193,1061,1002.48
2194,1198,1156.2233333333334
2195,1464,1439.6933333333334
2196,1597,1576.2394444444446
2197,1819,1659.9015
2198,1839,1776.44
2199,1723,1666.037
2200,1475,1400.3283333333334
2201,1229,1145.55
2202,1054,955.1933333333334
2203,852,851.8533333333334
2204,759,727.4766666666667
2205,808,772.5533333333333
2206,945,914.24
2207,1356,1276.1533333333334
2208,1657,1631.6966666666667
2209,1471,1474.704888888889
2210,1360,1327.1966666666667
2211,1259,1254.3166666666666
2212,1161,1178.3166666666666
2213,1157,1176.5566666666666
2214,1148,1194.09
2215,1067,1031.6733333333334
2216,1043,1105.3866666666668
2217,1076,1113.8566666666666
2218,1214,1198.7266666666667
2219,1409,1340.9921666666667
2220,1589,1550.0483333333334
2221,1750,1679.9515555555556
2222,1788,1705.7533333333333
2223,1710,1605.6352142857143
2224,1504,1395.6054444444442
2225,1239,1182.4366666666667
2226,1047,953.6566666666666
2227,837,825.2233333333334
2228,754,737.3433333333334
2229,776,799.59
2230,947,936.8533333333334
2231,1316,1180.322222222222
2232,1658,1520.6666666666667
2233,1460,1483.4993333333332
2234,1291,1313.093111111111
2235,1207,1329.027833333333
2236,1150,1159.6466666666668
2237,1109,1250.5816666666667
2238,1137,1191.61
2239,1092,1030.4
2240,1076,1044.0966666666666
2241,1035,1030.9633333333334
2242,1233,1159.07
2243,1426,1373.7066666666667
2244,1577,1573.9872222222223
2245,1655,1709.24073015873
2246,1718,1751.7566666666667
2247,1674,1574.0443888888888
2248,1437,1409.41
2249,1263,1167.09
2250,1051,952.8866666666667
2251,858,825.2233333333334
2252,761,750.5833333333334
2253,765,799.2133333333334
2254,917,952.52
2255,1134,1240.5655555555554
2256,1536,1556.7533333333333
2257,1564,1471.2366666666667
2258,1477,1299.2233333333334
2259,1425,1243.3483333333334
2260,1336,1242.695
2261,1302,1104.9566666666667
2262,1284,1102.1216666666667
2263,1160,1054.0433333333333
2264,1139,978.4833333333333
2265,1165,1020.9366666666666
2266,1231,1168.0633333333333
2267,1317,1420.0933333333332
2268,1522,1581.6022222222223
2269,1599,1679.2600634920632
2270,1654,1764.76
2271,1605,1588.6584444444445
2272,1426,1460.3433333333332
2273,1138,1204.2533333333333
2274,983,950.95
2275,836,779.0866666666667
2276,737,753.9333333333333
2277,747,878.1933333333334
2278,808,886.4366666666666
2279,997,1203.7409206349207
2280,1334,1588.2766666666666
2281,1508,1473.4133333333334
2282,1456,1317.1382777777778
2283,1413,1312.8166666666666
2284,1299,1140.2193333333332
2285,1265,1133.04
2286,1238,1114.3866666666668
2287,1207,993.7866666666666
2288,1145,1012.5266666666666
2289,1150,1045.0033333333333
2290,1260,1172.1966666666667
2291,1447,1417.7033333333334
2292,1565,1577.9302777777777
2293,1715,1633.8030555555556
2294,1796,1711.6455555555556
2295,1684,1660.6
2296,1417,1465.98
2297,1181,1193.6233333333332
2298,996,977.1633333333333
2299,805,775.83
2300,710,744.4233333333333
2301,759,775.5233333333333
2302,882,896.37
2303,1215,1220.99
2304,1624,1696.17
2305,1428,1472.4
2306,1288,1313.4566666666667
2307,1194,1303.51
2308,1142,1212.0978333333333
2309,1124,1141.1333333333334
2310,1081,1104.12
2311,1027,1018.8833333333333
2312,990,1013.25
2313,914,1020.7366666666667
2314,1051,1150.4033333333334
2315,1397,1415.8433333333332
2316,1605,1632.2983333333336
2317,1726,1644.983119047619
2318,1853,1751.7566666666667
2319,1707,1580.936888888889
2320,1493,1421.2933333333333
2321,1190,1139.8966666666668
2322,1027,950.8166666666667
2323,830,846.86
2324,723,768.3933333333333
2325,713,765.9333333333333
2326,864,959.3966666666666
2327,1230,1301.3188888888888
2328,1532,1572.6366666666668
2329,1388,1465.31
2330,1269,1319.9233333333334
2331,1157,1299.9066666666668
2332,1100,1211.1744999999999
2333,1079,1146.42
2334,1020,1106.56
2335,931,997.2833333333333
2336,882,1009.61
2337,1109,1078.3966666666668
2338,1189,1143.29
2339,1417,1433.74
2340,1637,1624.163888888889
2341,1745,1643.2228968253967
2342,1802,1742.3966666666668
2343,1706,1567.2695
2344,1449,1417.62
2345,1202,1163.9266666666667
2346,1019,952.8866666666667
2347,838,996.1433333333333
2348,743,750.5633333333334
2349,779,880.97
2350,929,910.5433333333333
2351,1291,1297.6591428571428
2352,1578,1573.92
2353,1405,1472.14
2354,1232,1303.3266666666666
2355,1190,1288.75
2356,1105,1211.1744999999999
2357,1081,1150.45
2358,1119,1104.0666666666666
2359,1016,987.7266666666667
2360,995,1026.51
2361,1012,1024.6666666666667
2362,1166,1154.4633333333334
2363,1388,1409.5383333333334
2364,1635,1630.6816666666668
2365,1737,1698.2633412698412
2366,1806,1754.3366666666666
2367,1681,1574.0443888888888
2368,1429,1435.1933333333334
2369,1179,1199.9866666666667
2370,1026,951.8966666666666
2371,836,821.7266666666667
2372,729,781.0
2373,753,897.18
2374,888,962.4666666666667
2375,1263,1282.2755555555555
2376,1581,1558.8666666666666
2377,1409,1472.14
2378,1213,1319.9233333333334
2379,1169,1274.384888888889
2380,1082,1207.37
2381,1082,1108.13
2382,1058,1087.9483333333333
2383,1063,1103.87
2384,1026,955.9766666666667
2385,1035,1026.58
2386,1114,1164.9833333333333
2387,1356,1412.6833333333334
2388,1562,1611.3864444444446
2389,1704,1669.4051746031744
2390,1792,1744.3566666666666
2391,1700,1622.884873015873
2392,1441,1396.62
2393,1180,1196.83
2394,1000,963.9116666666666
2395,817,793.4833333333333
2396,731,768.8333333333334
2397,772,799.14
2398,888,961.2633333333333
2399,1212,1260.4966666666667
2400,1561,1585.4366666666667
2401,1429,1494.3838095238095
2402,1230,1358.6633333333334
2403,1170,1227.1366666666668
2404,1107,1219.3
2405,1082,1231.3220555555556
2406,1125,1196.64
2407,1077,1015.9866666666667
2408,1000,1008.4366666666666
2409,1050,997.8333333333334
2410,1142,1149.3033333333333
2411,1357,1392.87
2412,1529,1573.9872222222223
2413,1637,1663.4511666666665
2414,1648,1750.45
2415,1584,1580.0296666666668
2416,1443,1409.41
2417,1220,1164.92
2418,1038,952.8866666666667
2419,852,821.7266666666667
2420,721,751.8766666666667
2421,741,820.86
2422,869,966.9466666666667
2423,1102,1238.0322222222221
2424,1447,1514.4866666666667
2425,1575,1454.5933333333332
2426,1417,1272.235
2427,1393,1227.1490555555556
2428,1294,1130.7833333333333
2429,1273,1110.3766666666668
2430,1252,1128.5766666666666
2431,1163,1044.7366666666667
2432,1117,953.29
2433,1137,1012.2766666666666
2434,1208,1157.05
2435,1349,1393.96
2436,1541,1585.458888888889
2437,1599,1681.4813888888887
2438,1624,1746.6533333333334
2439,1602,1645.0755555555556
2440,1354,1446.07
2441,1190,1162.9933333333333
2442,986,946.7966666666666
2443,793,851.3133333333334
2444,679,732.05
2445,674,794.5866666666667
2446,790,950.02
2447,1000,1345.4666666666667
2448,1363,1605.7533333333333
2449,1534,1454.0344444444445
2450,1421,1291.4733333333334
2451,1288,1258.2766666666666
2452,1225,1181.4883333333332
2453,1186,1119.12
2454,1144,1110.3533333333332
2455,1109,1048.1433333333334
2456,1048,1039.5433333333333
2457,1063,1017.5033333333333
2458,1159,1155.8766666666668
2459,1337,1395.0533333333333
2460,1444,1641.1723333333337
2461,1551,1678.3112222222217
2462,1656,1776.44
2463,1583,1628.0086666666666
2464,1342,1389.3450000000003
2465,1139,1145.55
2466,923,958.0543809523809
2467,792,793.0826666666666
2468,688,704.0133333333333
2469,667,749.8266666666667
2470,782,942.84
2471,999,1255.351111111111
2472,1345,1617.6833333333334
2473,1408,1479.2033333333334
2474,1347,1321.2333333333333
2475,1247,1285.3233333333333
2476,1189,1188.5716666666667
2477,1142,1110.9866666666667
2478,1170,1104.1466666666668
2479,1072,1039.6766666666667
2480,1025,979.0933333333334
2481,1031,1031.68
2482,1132,1172.0366666666666
2483,1312,1368.11
2484,1449,1635.8466666666666
2485,1566,1676.8477777777775
2486,1624,1738.65
2487,1579,1618.7433333333333
2488,1405,1382.1766666666667
2489,1154,1185.9333333333334
2490,972,959.9733333333334
2491,809,802.23
2492,666,696.4366666666666
2493,671,728.1566666666666
2494,783,914.24
2495,1032,1276.3733333333332
2496,1307,1563.37
2497,1429,1470.23
2498,1312,1316.8066666666666
2499,1230,1305.76
2500,1183,1153.555
2501,1155,1133.0766666666666
2502,1129,1107.0966666666666
2503,1061,1048.9966666666667
2504,1029,1032.9066666666668
2505,1046,1065.9433333333334
2506,1110,1191.81
2507,1289,1371.99
2508,1457,1580.948888888889
2509,1559,1678.6062777777777
2510,1632,1750.3366666666666
2511,1554,1611.48
2512,1376,1379.93
2513,1127,1203.3066666666666
2514,955,1274.76
2515,808,990.91
2516,642,696.65
2517,689,799.0466666666666
2518,731,901.6766666666666
2519,1037,1298.4780317460318
2520,1244,1520.35
2521,1304,1532.0833333333333
2522,1282,1685.94
2523,1191,1169.32
2524,1100,1099.3991666666666
2525,1098,1150.84
2526,1058,1153.25
2527,1026,1147.9166666666667
2528,1085,1121.9266666666667
2529,1084,1204.91
2530,1181,1193.1633333333334
2531,1412,1463.1233333333332
2532,1585,1630.9455555555555
2533,1623,1745.6180634920634
2534,1646,2172.8966666666665
2535,1501,1621.5533333333333
2536,1291,1355.38
2537,1128,1266.08
2538,939,1125.0766666666666
2539,777,1040.0266666666666
2540,652,774.8133333333334
2541,639,794.5966666666667
2542,699,885.65
2543,853,1419.3065714285713
2544,1102,1600.98
2545,1207,1444.0633333333333
2546,1014,1235.8333333333333
2547,966,1317.8433333333332
2548,959,1119.5666666666666
2549,992,1181.02
2550,1070,1229.9733333333334
2551,1091,1113.8566666666666
2552,1123,1093.8066666666666
2553,1261,1121.8666666666666
2554,1658,1409.4033333333334
2555,1858,1981.0366666666666
2556,1842,915.0255000000001
2557,1708,1749.0211111111112
2558,1646,1574.6233333333332
2559,1593,1568.7905555555556
2560,1750,1444.6572222222223
2561,1829,1262.51
2562,1610,1159.32
2563,1394,1026.9533333333334
2564,1235,795.5066666666667
2565,1190,824.02
2566,1237,886.4066666666666
2567,1455,1172.7033333333334
2568,1736,1528.19
2569,1764,1475.6588888888887
2570,1708,1294.9055555555553
2571,1581,1254.3166666666666
2572,1399,1182.6433333333334
2573,1348,1144.7583333333334
2574,1342,1226.2566666666667
2575,1259,1066.9733333333334
2576,1236,1013.7766666666666
2577,1200,1013.9
2578,1361,1155.9066666666668
2579,1546,1365.8466666666666
2580,1620,1597.7
2581,1727,1687.7291746031742
2582,1762,1726.7866666666666
2583,1658,1627.0866666666666
2584,1541,1417.1566666666668
2585,1279,1143.1666666666667
2586,1032,939.6854523809521
2587,883,798.46
2588,768,769.2166666666667
2589,756,802.65
2590,891,962.63
2591,1125,1187.4866666666667
2592,1489,1559.1233333333332
2593,1576,1477.4466666666667
2594,1450,1308.84
2595,1397,1318.5833333333333
2596,1281,1132.67
2597,1256,1104.2833333333333
2598,1266,1151.535
2599,1161,1098.43
2600,1140,989.4266666666666
2601,1118,1026.58
2602,1248,1191.81
2603,1419,1409.5383333333334
2604,1556,1625.2772222222222
2605,1590,1650.0114523809523
2606,1686,1742.3966666666668
2607,1596,1603.519761904762
2608,1384,1410.4833333333333
2609,1181,1156.19
2610,993,951.8966666666666
2611,831,826.09
2612,731,755.65
2613,723,775.1866666666666
2614,817,912.2033333333334
2615,1007,1169.7533333333333
2616,1377,1567.37
2617,1528,1459.4533333333334
2618,1454,1351.7966666666666
2619,1397,1310.08
2620,1268,1189.1866666666667
2621,1258,1129.5866666666666
2622,1286,1171.0533333333333
2623,1109,1085.6
2624,1146,978.7866666666666
2625,1149,1025.97
2626,1276,1157.1233333333332
2627,1485,1442.35
2628,1627,1581.6022222222223
2629,1719,1679.2600634920632
2630,1743,1727.4133333333334
2631,1639,1648.5130000000001
2632,1354,1437.5366666666666
2633,1193,1171.4766666666667
2634,982,968.9666666666667
2635,810,779.0866666666667
2636,701,753.1266666666667
2637,733,878.1933333333334
2638,810,888.4366666666666
2639,1134,1297.6591428571428
2640,1404,1584.0033333333333
2641,1383,1442.4933333333333
2642,1201,1267.4566666666667
2643,1146,1320.2805555555556
2644,1099,1278.1023333333333
2645,1060,1140.1293333333333
2646,1044,1126.2533333333333
2647,970,1041.5166666666667
2648,978,1036.04
2649,1006,1140.6
2650,1093,1204.5
2651,1431,1505.969333333333
2652,1683,1677.792214285714
2653,1774,1722.2155555555555
2654,1827,1771.5055555555557
2655,1736,1626.0342063492064
2656,1486,1448.2133333333334
2657,1205,1173.4666666666667
2658,1006,954.5266666666666
2659,827,829.5866666666667
2660,694,734.1433333333333
2661,747,781.7733333333333
2662,846,1013.2033333333334
2663,1190,1307.3243492063493
2664,1467,1606.4333333333334
2665,1350,1551.2833333333333
2666,1165,1365.77
2667,1101,1492.2700000000002
2668,1037,1350.7133333333334
2669,1058,1213.63
2670,1042,1130.46
2671,1018,1141.4633333333334
2672,955,1098.1533333333334
2673,988,1057.25
2674,1127,1174.21
2675,1382,1428.8116666666667
2676,1608,1636.5003333333332
2677,1755,1737.4266666666665
2678,1835,1740.0866666666666
2679,1675,1579.4139444444445
2680,1430,1452.14
2681,1214,1184.3066666666666
2682,997,995.1
2683,840,810.7833333333333
2684,727,752.6833333333333
2685,745,819.7866666666666
2686,874,1003.26
2687,1227,1398.4695555555556
2688,1611,1625.01
2689,1478,1520.36
2690,1237,1382.12
2691,1183,1191.0733333333333
2692,1188,1151.9983333333332
2693,1235,1107.3566666666666
2694,1194,1145.6266666666668
2695,1052,1041.59
2696,988,1055.7733333333333
2697,1014,1142.3033333333333
2698,1185,1213.6133333333332
2699,1404,1438.06
2700,1670,1602.7581111111112
2701,1726,1699.2576746031743
2702,1795,1771.09
2703,1658,1647.9122222222222
2704,1433,1373.97
2705,1195,1184.6116666666667
2706,1001,997.1066666666667
2707,826,800.8133333333334
2708,707,730.2566666666667
2709,737,766.44
2710,889,957.9666666666667
2711,1235,1162.0133333333333
2712,1562,1531.3333333333333
2713,1435,1480.5
2714,1226,1294.9233333333334
2715,1156,1267.2765555555557
2716,1103,1205.68
2717,1052,1081.7266666666667
2718,1054,1106.99
2719,1006,1051.1266666666668
2720,973,1058.8033333333333
2721,969,1135.2133333333334
2722,1135,1242.56
2723,1396,1441.57
2724,1598,1648.3483333333336
2725,1713,1667.410396825397
2726,1754,1723.8233333333333
2727,1625,1646.5966666666666
2728,1407,1387.3766666666668
2729,1205,1181.5123333333331
2730,1016,959.9733333333334
2731,834,797.2866666666666
2732,706,685.9966666666667
2733,805,760.13
2734,1109,930.6333333333333
2735,1387,1485.5566666666666
2736,1514,1510.484888888889
2737,1382,1501.6166666666666
2738,1186,1301.3766666666668
2739,989,1230.8066666666666
2740,1370,1167.8833333333334
2741,1570,1238.6933333333334
2742,1410,1106.5
2743,1362,1136.88
2744,1334,1056.2066666666667
2745,1241,1056.5366666666666
2746,1344,1190.82
2747,1519,1355.58
2748,1672,1632.889
2749,1788,1656.1666666666667
2750,1852,1638.2216666666666
2751,1723,1640.03
2752,1503,1423.6033333333332
2753,1280,1182.3533333333332
2754,1081,997.975
2755,888,824.64
2756,802,722.8133333333334
2757,774,750.6033333333334
2758,892,951.23
2759,1093,1267.4066666666668
2760,1464,1553.95
2761,1616,1476.4766666666667
2762,1525,1332.8
2763,1447,1353.0533333333333
2764,1339,1212.7308095238093
2765,1258,1189.598888888889
2766,1247,1148.6533333333334
2767,1218,1031.8333333333333
2768,1113,1001.2566666666667
2769,1148,1005.1033333333334
2770,1296,1237.48
2771,1412,1434.38
2772,1511,1610.1266666666666
2773,1553,1691.4969444444444
2774,1614,1641.0566666666666
2775,1606,1633.06
2776,1420,1276.23
2777,1245,1338.7233333333334
2778,1054,1101.2023333333334
2779,869,820.7266666666667
2780,749,861.6826666666666
2781,715,724.3133333333334
2782,802,870.6966666666667
2783,1000,1362.3966666666668
2784,1349,1463.4877777777776
2785,1560,1496.1966666666667
2786,1466,1354.4866666666667
2787,1367,1386.61
2788,1247,1185.8181666666667
2789,1218,1200.8966666666668
2790,1254,1160.6966666666667
2791,1129,1029.56
2792,1096,1023.5166666666667
2793,1140,1014.7
2794,1194,1171.3244444444445
2795,1378,1442.2933333333333
2796,1574,1623.6815555555556
2797,1663,1675.325
2798,1716,1765.1666666666667
2799,1681,1647.79
2800,1422,1404.5266666666666
2801,1183,1298.2266666666667
2802,1025,997.1683333333333
2803,811,833.91
2804,688,750.38
2805,727,753.9033333333333
2806,887,870.86
2807,1241,1373.71
2808,1591,1447.234777777778
2809,1494,1525.4533333333334
2810,1249,1460.81
2811,1140,1233.2966666666666
2812,1110,1262.4511428571427
2813,1055,1177.61
2814,1085,1116.0183333333334
2815,1050,1032.9966666666667
2816,962,1027.2666666666667
2817,1001,1004.7033333333334
2818,1098,1216.405
2819,1344,1286.04
2820,1570,1602.841111111111
2821,1720,1633.4866666666667
2822,1790,1746.8633333333332
2823,1653,1550.4833333333333
2824,1471,1408.85
2825,1195,1196.9733333333334
2826,976,989.0908333333333
2827,785,803.45
2828,687,717.5833333333334
2829,732,776.1584444444445
2830,822,844.24
2831,1157,1360.24
2832,1443,1479.2312222222224
2833,1340,1458.6366666666668
2834,1164,1341.87
2835,1076,1241.4216666666666
2836,996,1145.3366666666666
2837,969,1191.05
2838,929,1185.9133333333334
2839,819,1312.25
2840,791,1138.4533333333334
2841,1014,1278.0133333333333
2842,1234,1254.08
2843,1560,1508.5058333333334
2844,1803,1587.1235555555556
2845,1900,1675.2344444444445
2846,1919,1748.3080555555557
2847,1711,1664.0566666666666
2848,1517,1452.8133333333333
2849,1235,1195.1266666666668
2850,1064,989.1252222222222
2851,861,811.7451111111112
2852,776,786.27
2853,802,802.0566666666666
2854,899,877.9866666666667
2855,1150,1183.37
2856,1489,1534.7602222222224
2857,1432,1450.6766666666667
2858,1193,1309.05
2859,1159,1210.34
2860,1122,1259.6333333333334
2861,1117,1225.8866666666668
2862,1137,1086.07
2863,1091,1347.2866666666666
2864,1125,1205.0966666666666
2865,1094,1079.9433333333334
2866,1214,1238.2466666666667
2867,1498,1443.5633333333333
2868,1664,1632.0033333333333
2869,1776,1716.7311111111112
2870,1878,1757.493253968254
2871,1735,1637.6766666666667
2872,1488,1421.6233333333332
2873,1260,1317.9766666666667
2874,1042,1000.0616666666666
2875,861,832.649
2876,760,815.6966666666667
2877,809,797.48
2878,925,1050.78
2879,1269,1313.0957142857144
2880,1575,1588.9033333333334
2881,1474,1471.8233333333333
2882,1245,1321.8366666666666
2883,1215,1301.0648888888888
2884,1181,1142.8194999999998
2885,1125,1135.1433333333334
2886,1095,1067.95
2887,1061,1010.33
2888,1009,1023.7366666666667
2889,1058,1033.2133333333334
2890,1194,1186.7933333333333
2891,1406,1510.1353333333332
2892,1651,1677.811777777778
2893,1757,1607.1083333333333
2894,1808,1748.966253968254
2895,1740,1691.0143333333333
2896,1465,1436.0233333333333
2897,1220,1235.312777777778
2898,999,945.4072222222222
2899,874,814.09
2900,774,821.1733333333333
2901,827,756.0433333333333
2902,890,841.64
2903,1363,1604.16
2904,1724,1567.6166666666666
2905,1568,1502.18
2906,1442,1245.08
2907,1360,1341.498888888889
2908,1327,1199.43
2909,1249,1210.8233333333333
2910,1179,1192.1566666666668
2911,1188,1128.4066666666668
2912,1251,1201.3733333333332
2913,1305,1299.1
2914,1342,1267.98
2915,1546,1340.19
2916,1749,1616.305
2917,1778,1738.2433333333333
2918,1793,1782.38730952381
2919,1724,1688.7711111111112
2920,1535,1071.1566666666668
2921,1322,908.1566666666666
2922,1181,957.6833333333333
2923,1014,845.33
2924,876,757.0066666666667
2925,848,723.95
2926,967,927.3833333333333
2927,1162,1295.7233333333334
2928,1494,1512.4478888888889
2929,1645,1451.48
2930,1535,1341.26
2931,1473,1325.0911111111113
2932,1388,1149.72
2933,1346,1098.06
2934,1243,1067.8066666666666
2935,1205,1153.1866666666667
2936,1162,1132.9666666666667
2937,1176,1261.3533333333332
2938,1294,1196.4766666666667
2939,1499,1421.69
2940,1613,1676.4738888888892
2941,1703,1678.2654444444445
2942,1747,1760.7943888888888
2943,1701,1621.99
2944,1418,1053.0333333333333
2945,1220,1230.4966666666667
2946,1062,977.4830000000001
2947,877,806.67
2948,753,838.221
2949,756,730.6633333333333
2950,819,901.7066666666667
2951,971,1337.0366666666666
2952,1255,1438.9441111111114
2953,1534,1535.7666666666667
2954,1471,1338.84
2955,1384,1373.12
2956,1283,1192.5866666666666
2957,1215,1160.17
2958,1236,1180.745
2959,1162,1023.8333333333334
2960,1147,993.72
2961,1135,1035.0166666666667
2962,1308,1234.0627777777777
2963,1539,1299.8333333333333
2964,1691,1587.715
2965,1813,1675.801388888889
2966,1795,1601.683611111111
2967,1692,1630.2386666666666
2968,1425,1069.58
2969,1198,304.86333333333334
2970,1009,1018.279
2971,827,870.46
2972,725,629.5666666666667
2973,745,799.6733333333333
2974,890,845.6766666666666
2975,1281,1396.9595555555557
2976,1625,1556.8133333333333
2977,1455,1532.9766666666667
2978,1221,1316.8633333333332
2979,1171,1179.0611111111111
2980,1121,1209.3850238095235
2981,1082,1125.7393333333332
2982,1080,1135.06
2983,1019,1084.0066666666667
2984,986,998.0066666666667
2985,1053,1009.84
2986,1179,1202.5797777777777
2987,1444,1355.9833333333333
2988,1648,1621.7716666666668
2989,1735,1704.7111111111112
2990,1831,1726.635777777778
2991,1699,1626.3433333333332
2992,1446,1655.3666666666666
2993,1222,1260.6233333333332
2994,1019,1096.2762222222223
2995,790,827.0297380952381
2996,699,694.6366666666667
2997,770,815.0966666666667
2998,889,974.4766666666667
2999,1314,1436.63
3000,1649,1629.3033333333333
3001,1434,1506.2966666666666
3002,1223,1351.3133333333333
3003,1156,1319.435
3004,1070,1164.9959999999999
3005,1120,1201.3766666666668
3006,1050,1113.83
3007,996,1030.9266666666667
3008,942,1026.61
3009,982,1031.34
3010,1125,1169.616111111111
3011,1421,1487.8733333333332
3012,1659,1598.315
3013,1805,1663.8443333333332
3014,1833,1727.1985555555557
3015,1650,1638.1254444444446
3016,1416,1398.46
3017,1198,1323.33
3018,976,1070.6689999999999
3019,834,813.8266666666667
3020,732,884.95
3021,753,842.18
3022,868,1001.2166666666667
3023,1260,1447.8966666666668
3024,1580,1534.2933333333333
3025,1419,1487.6366666666668
3026,1161,1229.4233333333334
3027,1065,1330.8138888888889
3028,1002,1148.79
3029,1018,1121.6566666666668
3030,1039,1315.9966666666667
3031,1015,1143.87
3032,946,1203.0933333333332
3033,998,1033.5
3034,1162,1184.7177777777777
3035,1418,1315.18
3036,1621,1648.787888888889
3037,1783,1659.3540555555555
3038,1754,1725.0358333333338
3039,1860,1605.565
3040,1794,1443.0366666666666
3041,2199,1202.0577222222223
3042,4549,1055.206357142857
3043,6046,994.1833333333333
3044,6310,818.6266666666667
3045,7110,746.6228571428571
3046,7343,846.22
3047,7062,1360.0966666666666
3048,6965,1501.7313333333334
3049,6761,1592.35
3050,6751,1294.7266666666667
3051,6694,1262.573
3052,6706,1182.435
3053,6679,1127.97
3054,6335,1175.5566666666666
3055,6357,1120.6133333333332
3056,6366,1011.3833333333333
3057,6564,1012.9
3058,6577,1191.0647777777779
3059,6704,1464.7733333333333
3060,6698,1637.935
3061,6552,1667.6066666666666
3062,6557,1731.107142857143
3063,6674,1618.8401666666666
3064,6361,1454.5333333333333
3065,7178,1313.5766666666666
3066,7636,966.4701111111109
3067,7507,808.1133333333333
3068,7153,765.5433333333333
3069,7090,794.3433333333334
3070,7230,898.9266666666666
3071,7394,1397.5728888888889
3072,7971,1625.03
3073,8218,1497.6866666666667
3074,8370,1339.35
3075,8080,1220.8088888888892
3076,7283,1141.1868333333332
3077,7006,1150.8093333333334
3078,6773,1143.5333333333333
3079,6573,1085.8333333333333
3080,6593,988.4033333333333
3081,6619,1047.0366666666666
3082,6630,1189.6941666666667
3083,6754,1484.0033333333333
3084,6842,1642.077380952381
3085,6727,1787.98
3086,6733,1814.4542539682543
3087,6598,1702.291
3088,6529,1433.3533333333332
3089,6562,1148.2805555555556
3090,5554,974.1448333333334
3091,1620,808.82
3092,999,773.61
3093,948,775.9933333333333
3094,1070,875.6933333333334
3095,1343,1349.8073333333334
3096,1724,1563.65
3097,1778,1468.6933333333334
3098,1670,1481.3266666666666
3099,1572,1214.5
3100,1476,1187.114166666667
3101,1400,1124.1526666666666
3102,1387,1133.41
3103,1296,1048.0766666666666
3104,1229,1031.7266666666667
3105,1271,1097.4133333333334
3106,1374,1162.59
3107,1540,1439.31
3108,1646,1706.8317142857143
3109,1604,1645.021111111111
3110,1497,1771.8433333333332
3111,1564,1586.835111111111
3112,1463,1424.2766666666666
3113,1439,1183.2866666666666
3114,1363,919.7833333333333
3115,1108,796.0053333333334
3116,966,705.3766666666667
3117,919,764.3333333333334
3118,963,925.8066666666666
3119,1163,1227.3426772486773
3120,1453,1592.1566666666668
3121,1643,1494.5833333333333
3122,1575,1321.6966666666667
3123,1556,1320.5704444444445
3124,1434,1206.1316666666667
3125,1420,1133.0566666666666
3126,1361,1135.8416666666667
3127,1278,1055.89
3128,1244,999.0433333333333
3129,1294,1028.13
3130,1420,1178.5666666666666
3131,1624,1459.9433333333334
3132,1769,1664.1066666666666
3133,1924,1688.02
3134,1932,1742.9733333333334
3135,1778,1610.73
3136,1497,1426.7266666666667
3137,1293,1166.3405714285716
3138,1070,934.6816666666666
3139,854,773.4466666666667
3140,786,716.83
3141,826,731.3566666666667
3142,987,886.5966666666667
3143,1375,1293.26
3144,1688,1597.0433333333333
3145,1529,1551.2
3146,1309,1421.7533333333333
3147,1240,1206.7466666666667
3148,1183,1188.750388888889
3149,1178,1170.49
3150,1131,1134.2483333333332
3151,1124,989.5333333333333
3152,1083,1030.6466666666668
3153,1125,996.0666666666667
3154,1245,1162.95
3155,1514,1409.4133333333334
3156,1685,1597.3133333333333
3157,1816,1673.1538888888888
3158,1887,1724.0566666666666
3159,1754,1622.505
3160,1469,1395.7333333333333
3161,1286,1160.4133333333334
3162,1051,952.1606666666667
3163,873,794.9593333333333
3164,755,714.2166666666667
3165,824,802.2
3166,990,962.63
3167,1347,1301.81
3168,1722,1595.03
3169,1517,1479.4655555555555
3170,1266,1328.2033333333334
3171,1197,1220.6866666666667
3172,1121,1172.0333333333333
3173,1130,1250.4366666666667
3174,1131,1198.99
3175,1045,1028.2566666666667
3176,1031,1008.2566666666667
3177,1048,1032.87
3178,1196,1205.0133333333333
3179,1466,1412.825
3180,1690,1596.08
3181,1813,1676.5898888888887
3182,1825,1754.9066666666668
3183,1720,1611.6886666666667
3184,1460,1401.8766666666668
3185,1255,1177.5256666666664
3186,1028,1040.912
3187,858,801.5533333333333
3188,729,726.23
3189,795,788.6733333333333
3190,937,875.9633333333334
3191,1340,1322.4866984126982
3192,1631,1597.4866666666667
3193,1434,1476.9955555555555
3194,1201,1276.87
3195,1114,1293.3682222222224
3196,1056,1167.8068333333333
3197,1068,1156.1466666666668
3198,1046,1105.0766666666666
3199,970,1051.1066666666666
3200,1022,1024.6966666666667
3201,1015,1049.62
3202,1116,1209.4366666666667
3203,1401,1435.1166666666666
3204,1657,1605.2722222222221
3205,1794,1669.9052777777777
3206,1822,1712.105277777778
3207,1701,1620.8266666666666
3208,1453,1404.19
3209,1229,1240.743888888889
3210,1072,951.8680952380953
3211,864,807.3333333333334
3212,734,723.4533333333334
3213,770,795.8866666666667
3214,882,909.62
3215,1280,1264.0566666666666
3216,1617,1564.2234444444446
3217,1484,1504.7733333333333
3218,1268,1389.5
3219,1224,1228.2833333333333
3220,1086,1119.5053333333333
3221,1102,1089.5066666666667
3222,1054,1130.9883333333332
3223,1011,1069.7933333333333
3224,952,1064.4966666666667
3225,999,1071.6066666666666
3226,1112,1207.0
3227,1364,1422.2833333333333
3228,1570,1611.305777777778
3229,1705,1708.7333333333333
3230,1776,1727.9966666666667
3231,1713,1684.5966666666666
3232,1493,1265.5566666666666
3233,1266,1179.8233333333333
3234,1025,977.3140833333332
3235,865,801.64
3236,755,701.99
3237,754,740.9666666666667
3238,854,932.3566666666667
3239,1184,1106.69
3240,1479,1604.2533333333333
3241,1331,1503.23
3242,1145,1244.3633333333332
3243,1102,1147.3966666666668
3244,1007,1137.8466666666666
3245,1003,1089.1033333333332
3246,1044,1141.1266666666668
3247,988,1044.19
3248,953,1008.77
3249,968,1052.3333333333333
3250,1062,1233.66
3251,1257,1392.1933333333334
3252,1473,1507.4466666666667
3253,1576,1673.2866666666666
3254,1677,1681.4966666666667
3255,1639,1570.0216666666668
3256,1441,1427.22
3257,1284,1245.6355
3258,1059,1058.7033333333334
3259,877,856.9
3260,751,735.9633333333334
3261,717,756.1933333333334
3262,830,929.8033333333333
3263,1055,1109.8133333333333
3264,1398,1568.1933333333334
3265,1478,1454.4566666666667
3266,1403,1221.6066666666666
3267,1378,1137.6266666666668
3268,1283,1121.5233333333333
3269,1248,1061.58
3270,1228,1096.8333333333333
3271,1154,1020.0633333333334
3272,1087,1094.49
3273,1123,1061.75
3274,1219,1171.3766666666668
3275,1262,1404.08
3276,1315,1614.5546666666667
3277,1375,1649.145
3278,1630,1776.14
3279,1716,1662.49
3280,1567,1434.0766666666666
3281,1291,1238.1066666666666
3282,1068,1072.0933333333332
3283,865,869.8366666666667
3284,725,716.6766666666666
3285,713,881.0916666666667
3286,759,824.99
3287,941,1245.25
3288,1316,1411.786888888889
3289,1531,1535.1
3290,1460,1407.51
3291,1387,1243.2766666666666
3292,1263,1197.822
3293,1244,1178.8366666666666
3294,1216,1113.7466666666667
3295,1138,1032.9966666666667
3296,1082,1012.88
3297,1072,1038.6866666666667
3298,1156,1224.606111111111
3299,1342,1438.3433333333332
3300,1503,1568.8775
3301,1617,1633.8736666666666
3302,1666,1690.3994444444445
3303,1614,1596.5433333333333
3304,1385,1542.9533333333334
3305,1187,1185.4866666666667
3306,999,973.8829166666665
3307,817,817.61
3308,720,754.62
3309,655,803.09
3310,734,875.07
3311,971,1349.6833333333334
3312,1400,1606.99
3313,1489,1513.1335873015873
3314,1400,1358.8066666666666
3315,1290,1337.127777777778
3316,1208,1225.7806666666668
3317,1193,1149.37
3318,1131,1139.3933333333334
3319,1078,1016.8066666666666
3320,1045,1017.5433333333333
3321,1010,1049.3466666666666
3322,1161,1202.3158333333333
3323,1438,1457.28
3324,1568,1599.5685555555556
3325,1689,1693.8069444444443
3326,1751,1823.8633333333332
3327,1656,1620.5766666666666
3328,1458,1265.3866666666668
3329,1229,1175.8733333333332
3330,986,969.4866666666667
3331,817,805.8730158730159
3332,667,717.48
3333,699,780.1933333333334
3334,819,922.15
3335,1217,1362.2166666666667
3336,1573,1538.29
3337,1427,1493.5433333333333
3338,1235,1332.8
3339,1114,1333.5566666666666
3340,1062,1215.2875
3341,1040,1102.5766666666666
3342,1020,1149.89
3343,984,1066.5766666666666
3344,941,1023.26
3345,1004,1030.01
3346,1052,1201.2494444444444
3347,1380,1430.4633333333334
3348,1567,1585.3183333333332
3349,1671,1688.0086111111111
3350,1789,1747.3774444444446
3351,1652,1636.6508333333334
3352,1445,1067.8
3353,1208,1215.0633333333333
3354,995,1000.9483333333334
3355,817,815.1266666666667
3356,701,818.6266666666667
3357,709,735.3028571428571
3358,834,851.85
3359,1142,1284.938
3360,1462,1471.86
3361,1353,1460.0966666666666
3362,1104,1228.45
3363,1027,1210.7533333333333
3364,1018,1176.4366666666667
3365,981,1128.16
3366,962,1142.31
3367,960,1067.66
3368,916,1079.6578571428572
3369,949,1074.8961904761904
3370,1095,1156.24
3371,1369,1458.68
3372,1556,1565.4033333333334
3373,1723,1683.21
3374,1812,1732.4933333333333
3375,1661,1584.6416666666667
3376,1448,1408.1633333333334
3377,1208,1217.6346666666668
3378,1039,1075.1133333333332
3379,852,829.835
3380,708,726.0166666666667
3381,752,778.6733333333333
3382,843,931.95
3383,1258,1140.8666666666666
3384,1651,1646.1573333333333
3385,1516,1638.1166666666666
3386,1281,1359.5633333333333
3387,1204,1346.6566666666668
3388,1096,1210.0266666666666
3389,1075,1111.4133333333334
3390,1037,1144.0833333333333
3391,975,1062.0633333333333
3392,941,1069.85
3393,982,1091.255
3394,1054,1171.56
3395,1327,1424.66
3396,1559,1591.5233333333333
3397,1713,1773.43
3398,1750,1784.5866666666666
3399,1719,1730.24
3400,1497,1490.1766666666667
3401,1227,1214.7966666666666
3402,1040,1012.3066666666666
3403,857,841.3333333333334
3404,728,732.6
3405,699,764.3866666666667
3406,852,902.3733333333333
3407,1237,1162.8766666666668
3408,1618,1683.11
3409,1473,1491.84
3410,1231,1310.2733333333333
3411,1149,1220.7133333333334
3412,1080,1192.128888888889
3413,1056,1171.1766666666667
3414,1023,1096.46
3415,953,1090.96
3416,935,1022.5633333333334
3417,940,1099.0266666666666
3418,1069,1190.2966666666666
3419,1289,1452.05
3420,1497,1594.64
3421,1532,1763.9855555555557
3422,1656,1915.4366666666667
3423,1605,1446.22
3424,1472,1542.2566666666667
3425,1232,1383.4716666666666
3426,1055,1221.1933333333334
3427,859,953.6366666666667
3428,763,761.7266666666667
3429,719,793.13
3430,778,915.8433333333334
3431,960,1214.8833333333334
3432,1190,1563.3066666666666
3433,1289,1506.67
3434,1237,1319.5733333333333
3435,1178,1231.5933333333332
3436,1157,1189.4847222222222
3437,1140,1241.14
3438,1068,1212.88
3439,1062,1082.2946666666667
3440,1038,1104.76
3441,1062,1078.0453333333332
3442,1178,1170.3033333333333
3443,1354,1516.1744444444446
3444,1453,1544.9033333333334
3445,1535,1652.83
3446,1616,1699.8866666666668
3447,1560,1574.1183333333333
3448,1387,1419.93
3449,1202,1199.8908333333334
3450,1032,836.3833333333333
3451,846,1135.49
3452,704,742.55
3453,656,772.2866666666666
3454,703,863.5566666666666
3455,849,1310.1166666666666
3456,1138,1515.015388888889
3457,1346,1481.5955555555556
3458,1347,1259.44
3459,1243,1151.7466666666667
3460,1184,1134.9566666666667
3461,1160,1156.2366666666667
3462,1077,1236.3133333333333
3463,1032,1307.3033333333333
3464,894,1156.1066666666666
3465,895,1141.0433333333333
3466,1052,1267.4966666666667
3467,1244,1523.14
3468,1487,1647.6790000000003
3469,1554,1748.1566666666668
3470,1675,2268.3904206349207
3471,1646,1677.3151666666665
3472,1518,1403.44
3473,1349,1172.9633333333334
3474,1101,946.4866666666667
3475,812,990.3
3476,654,715.6866666666666
3477,635,752.43
3478,683,906.0866666666667
3479,881,1259.2046666666668
3480,1258,1643.62
3481,1472,1625.6266666666668
3482,1434,1576.6266666666668
3483,1358,1175.9161111111111
3484,1261,1215.1495238095238
3485,1195,1134.8333333333333
3486,1139,1111.1733333333334
3487,1062,1060.49
3488,1033,1032.5266666666666
3489,1032,1066.79
3490,1177,1231.2966666666666
3491,1454,1418.37
3492,1596,1577.7166666666667
3493,1696,1703.9
3494,1770,1762.65
3495,1653,1586.1716666666666
3496,1483,1378.12
3497,1243,1180.73
3498,986,962.785
3499,797,788.7
3500,668,758.3
3501,698,767.2833333333333
3502,825,856.13
3503,1199,1260.9
3504,1542,1540.04
3505,1388,1503.23
3506,1164,1244.27
3507,1121,1148.8533333333332
3508,1037,1130.4366666666667
3509,976,1058.37
3510,969,1065.1166666666666
3511,934,1078.5166666666667
3512,907,1009.22
3513,923,1020.3966666666666
3514,1071,1206.08
3515,1306,1451.18
3516,1495,1612.728888888889
3517,1664,1764.5122222222226
3518,1788,1761.0533333333333
3519,1689,1603.4458333333334
3520,1462,1392.2833333333333
3521,1219,1205.9616666666666
3522,999,971.759
3523,825,806.94
3524,707,738.7133333333334
3525,736,787.31
3526,849,865.4966666666667
3527,1211,1089.1166666666666
3528,1555,1664.781777777778
3529,1538,1728.2733333333333
3530,1280,1390.1033333333332
3531,1198,1315.5733333333333
3532,1159,1230.6144444444446
3533,1043,1095.7666666666667
3534,1035,1072.4366666666667
3535,979,1043.0533333333333
3536,919,1094.005
3537,1003,1093.7633333333333
3538,1064,1172.32
3539,1303,1430.4266666666667
3540,1530,1623.0133333333333
3541,1663,1774.0988888888892
3542,1787,1755.4833333333333
3543,1700,1614.1691666666666
3544,1486,1413.33
3545,1204,1179.9733333333334
3546,1011,983.6266666666667
3547,813,820.6366666666667
3548,712,716.5033333333333
3549,720,756.5766666666667
3550,828,892.3366666666667
3551,1213,1240.14
3552,1558,1583.4533333333334
3553,1425,1496.9433333333334
3554,1208,1313.1166666666666
3555,1156,1211.74
3556,1061,1108.9933333333333
3557,1017,1088.4866666666667
3558,1010,1037.9433333333334
3559,951,1051.6233333333332
3560,921,987.4866666666667
3561,947,1049.32
3562,1078,1199.66
3563,1277,1443.3
3564,1493,1595.4633333333334
3565,1600,1690.825
3566,1727,1714.8166666666666
3567,1674,1624.3933333333334
3568,1412,1424.73
3569,1242,1205.7733333333333
3570,1047,975.4079761904761
3571,853,806.66
3572,728,856.8166666666667
3573,723,803.58
3574,808,825.6633333333333
3575,1177,1201.0766666666666
3576,1535,1543.1533333333334
3577,1372,1374.2033333333334
3578,1165,1176.78
3579,1101,1163.115
3580,1001,1124.8983333333333
3581,971,1090.6266666666668
3582,1006,1112.2966666666666
3583,976,1043.1566666666668
3584,924,996.9266666666666
3585,949,1051.2833333333333
3586,1033,1192.9966666666667
3587,1257,1418.37
3588,1457,1509.0
3589,1565,1674.55
3590,1693,1657.3866666666668
3591,1675,1442.4933333333333
3592,1459,1408.97
3593,1205,1206.83
3594,1060,1053.8133333333333
3595,849,971.52
3596,694,730.5566666666666
3597,684,793.3183333333334
3598,815,846.5166666666667
3599,1005,1197.23
3600,1391,1531.58
3601,1459,1401.28
3602,1338,1337.74
3603,1225,1235.3133333333333
3604,1144,1094.6233333333332
3605,1107,1072.4866666666667
3606,1100,1063.6533333333334
3607,1042,1078.48
3608,1039,1079.4661904761906
3609,1103,1073.8295238095238
3610,1127,1258.5
3611,1318,1384.2766666666666
3612,1453,1597.6046666666668
3613,1513,1719.0383333333334
3614,1598,1798.5433333333333
3615,1553,1615.8316666666667
3616,1359,1422.75
3617,1192,1274.7866666666666
3618,1006,735.6723333333334
3619,797,1134.3266666666666
3620,675,722.5333333333333
3621,655,821.6266666666667
3622,686,879.04
3623,852,1252.8933333333334
3624,1171,1549.6966666666667
3625,1450,1449.6966666666667
3626,1406,1484.9866666666667
3627,1320,1312.0833333333333
3628,1226,1120.2666666666667
3629,1260,1078.1
3630,1209,1071.3466666666666
3631,1156,1008.0833333333334
3632,1071,1045.83
3633,1091,1076.8333333333333
3634,1175,1226.5266666666666
3635,1379,1469.21
3636,1564,1699.9728888888892
3637,1639,1727.083611111111
3638,1709,1805.39
3639,1631,1638.64
3640,1435,1441.0366666666666
3641,1200,1329.1833333333334
3642,993,933.2355000000001
3643,770,806.66
3644,653,830.7233333333334
3645,656,739.6633333333333
3646,770,861.2166666666667
3647,1097,1339.85
3648,1501,1456.8025000000002
3649,1405,1525.1066666666666
3650,1176,1398.0366666666666
3651,1133,1378.845
3652,1068,1329.1378333333332
3653,1013,1149.8933333333334
3654,1027,1073.3966666666668
3655,930,1045.08
3656,911,1066.42
3657,939,1088.4766666666667
3658,1027,1200.71
3659,1295,1408.24
3660,1525,1610.1727777777778
3661,1622,1686.01
3662,1733,1704.168888888889
3663,1642,1427.3766666666668
3664,1422,1578.4333333333334
3665,1204,1331.5866666666666
3666,1037,1022.9118095238096
3667,799,871.97
3668,725,629.5666666666667
3669,710,767.72
3670,798,807.5966666666667
3671,1110,1283.11
