,亀山市
7316,432
7317,486
7318,546
7319,528
7320,487
7321,370
7322,314
7323,202
7324,168
7325,155
7326,149
7327,217
7328,319
7329,411
7330,460
7331,469
7332,412
7333,379
7334,356
7335,298
7336,279
7337,286
7338,305
7339,339
7340,372
7341,445
7342,507
7343,541
7344,449
7345,389
7346,326
7347,197
7348,160
7349,128
7350,140
7351,193
7352,286
7353,392
7354,444
7355,477
7356,434
7357,378
7358,368
7359,281
7360,250
7361,280
7362,280
7363,337
7364,397
7365,424
7366,479
7367,519
7368,452
7369,377
7370,283
7371,199
7372,141
7373,134
7374,133
7375,208
7376,303
7377,403
7378,483
7379,484
7380,413
7381,378
7382,336
7383,283
7384,253
7385,269
7386,269
7387,337
7388,348
7389,423
7390,507
7391,497
7392,428
7393,376
7394,301
7395,192
7396,153
7397,116
7398,117
7399,168
7400,266
7401,381
7402,421
7403,448
7404,411
7405,367
7406,319
7407,277
7408,262
7409,257
7410,283
7411,358
7412,390
7413,417
7414,498
7415,487
7416,416
7417,371
7418,303
7419,186
7420,127
7421,133
7422,126
7423,195
7424,309
7425,383
7426,423
7427,451
7428,397
7429,340
7430,318
7431,287
7432,247
7433,249
7434,321
7435,370
7436,394
7437,459
7438,528
7439,514
7440,421
7441,349
7442,274
7443,182
7444,136
7445,134
7446,143
7447,260
7448,369
7449,399
7450,417
7451,429
7452,350
7453,312
7454,274
7455,258
7456,226
7457,234
7458,241
7459,308
7460,393
7461,465
7462,521
7463,525
7464,469
7465,384
7466,295
7467,181
7468,151
7469,129
7470,160
7471,266
7472,371
7473,417
7474,446
7475,396
7476,343
7477,324
7478,288
7479,240
7480,237
7481,249
7482,236
7483,290
7484,378
7485,482
7486,540
7487,533
7488,449
7489,379
7490,270
7491,218
7492,148
7493,129
7494,167
7495,256
7496,378
7497,410
7498,412
7499,366
7500,295
7501,286
7502,267
7503,240
7504,238
7505,245
7506,228
7507,305
7508,378
7509,463
7510,513
7511,499
7512,461
7513,375
7514,300
7515,197
7516,129
7517,145
7518,154
7519,273
7520,374
7521,396
7522,420
7523,398
7524,374
7525,320
7526,286
7527,237
7528,233
7529,246
7530,258
7531,311
7532,347
7533,411
7534,493
7535,492
7536,446
7537,364
7538,311
7539,194
7540,150
7541,146
7542,148
7543,217
7544,333
7545,398
7546,466
7547,458
7548,395
7549,350
7550,347
7551,269
7552,235
7553,242
7554,275
7555,300
7556,378
7557,419
7558,441
7559,486
7560,433
7561,361
7562,272
7563,182
7564,150
7565,139
7566,121
7567,190
7568,272
7569,371
7570,451
7571,432
7572,383
7573,323
7574,311
7575,252
7576,223
7577,234
7578,262
7579,331
7580,391
7581,449
7582,521
7583,496
7584,433
7585,350
7586,259
7587,169
7588,134
7589,128
7590,150
7591,258
7592,338
7593,385
7594,406
7595,383
7596,344
7597,324
7598,297
7599,251
7600,224
7601,233
7602,276
7603,327
7604,389
7605,451
7606,538
7607,511
7608,444
7609,356
7610,271
7611,189
7612,141
7613,123
7614,160
7615,248
7616,361
7617,387
7618,372
7619,350
7620,299
7621,270
7622,270
7623,232
7624,225
7625,275
7626,326
7627,390
7628,470
7629,520
7630,550
7631,507
7632,468
7633,375
7634,308
7635,186
7636,154
7637,129
7638,169
7639,255
7640,364
7641,392
7642,392
7643,389
7644,351
7645,298
7646,279
7647,240
7648,248
7649,258
7650,242
7651,312
7652,399
7653,470
7654,565
7655,510
7656,465
7657,378
7658,295
7659,184
7660,149
7661,148
7662,152
7663,276
7664,379
7665,448
7666,452
7667,423
7668,371
7669,320
7670,287
7671,245
7672,210
7673,223
7674,255
7675,344
7676,402
7677,440
7678,524
7679,511
7680,457
7681,362
7682,296
7683,179
7684,139
7685,113
7686,179
7687,285
7688,365
7689,404
7690,404
7691,394
7692,364
7693,306
7694,281
7695,240
7696,259
7697,246
7698,252
7699,291
7700,376
7701,427
7702,533
7703,492
7704,406
7705,335
7706,251
7707,212
7708,155
7709,128
7710,145
7711,201
7712,299
7713,419
7714,414
7715,385
7716,364
7717,320
7718,291
7719,272
7720,227
7721,268
7722,262
7723,295
7724,370
7725,422
7726,453
7727,430
7728,426
7729,335
7730,262
7731,180
7732,159
7733,132
7734,140
7735,167
7736,254
7737,346
7738,371
7739,378
7740,369
7741,321
7742,284
7743,270
7744,224
7745,220
7746,261
7747,313
7748,411
7749,444
7750,528
7751,518
7752,442
7753,374
7754,275
7755,170
7756,132
7757,118
7758,157
7759,218
7760,315
7761,343
7762,362
7763,347
7764,316
7765,292
7766,267
7767,251
7768,236
7769,230
7770,256
7771,346
7772,434
7773,540
7774,601
7775,582
7776,616
7777,642
7778,627
7779,621
7780,639
7781,596
7782,586
7783,596
7784,611
7785,582
7786,521
7787,487
7788,436
7789,419
7790,364
7791,308
7792,280
7793,273
7794,301
7795,386
7796,426
7797,485
7798,602
7799,569
7800,502
7801,405
7802,313
7803,211
7804,170
7805,154
7806,211
7807,297
7808,398
7809,448
7810,460
7811,416
7812,381
7813,337
7814,271
7815,312
7816,259
7817,255
7818,263
7819,335
7820,412
7821,470
7822,526
7823,522
7824,455
7825,390
7826,289
7827,204
7828,182
7829,140
7830,181
7831,297
7832,414
7833,469
7834,450
7835,401
7836,340
7837,332
7838,290
7839,279
7840,230
7841,235
7842,280
7843,340
7844,382
7845,443
7846,568
7847,535
7848,456
7849,341
7850,276
7851,204
7852,145
7853,145
7854,169
7855,289
7856,386
7857,473
7858,447
7859,427
7860,356
7861,317
7862,294
7863,272
7864,240
7865,244
7866,281
7867,325
7868,356
7869,444
7870,458
7871,475
7872,447
7873,389
7874,292
7875,192
7876,148
7877,134
7878,159
7879,244
7880,327
7881,418
7882,486
7883,467
7884,410
7885,388
7886,310
7887,252
7888,253
7889,269
7890,270
7891,313
7892,385
7893,421
7894,463
7895,470
7896,419
7897,377
7898,292
7899,199
7900,126
7901,134
7902,137
7903,205
7904,295
7905,398
7906,438
7907,463
7908,401
7909,378
7910,312
7911,273
7912,235
7913,268
7914,261
7915,331
7916,427
7917,450
7918,527
7919,495
7920,433
7921,362
7922,232
7923,160
7924,139
7925,131
7926,149
7927,256
7928,379
7929,425
7930,431
7931,408
7932,358
7933,285
7934,308
7935,252
7936,239
7937,260
7938,265
7939,322
7940,390
7941,444
7942,552
7943,524
7944,434
7945,368
7946,248
7947,169
7948,153
7949,134
7950,160
7951,258
7952,336
7953,391
7954,414
7955,433
7956,376
7957,322
7958,277
7959,284
7960,263
7961,304
7962,300
7963,392
7964,504
7965,554
7966,631
7967,583
7968,509
7969,402
7970,303
7971,225
7972,179
7973,155
7974,195
7975,281
7976,385
7977,414
7978,427
7979,416
7980,342
7981,327
7982,284
7983,258
7984,258
7985,266
7986,285
7987,328
7988,410
7989,447
7990,556
7991,536
7992,469
7993,389
7994,305
7995,185
7996,157
7997,160
7998,183
7999,293
8000,404
8001,446
8002,428
8003,380
8004,358
8005,347
8006,283
8007,266
8008,233
8009,258
8010,253
8011,315
8012,386
8013,447
8014,532
8015,530
8016,471
8017,392
8018,275
8019,183
8020,157
8021,138
8022,170
8023,247
8024,339
8025,379
8026,371
8027,359
8028,336
8029,317
8030,264
8031,255
8032,203
8033,252
8034,263
8035,296
8036,388
8037,442
8038,472
8039,497
8040,432
8041,362
8042,308
8043,191
8044,154
8045,151
8046,155
8047,216
8048,338
8049,434
8050,445
8051,465
8052,376
8053,352
8054,292
8055,246
8056,268
8057,264
8058,277
8059,324
8060,374
8061,403
8062,446
8063,435
8064,387
8065,332
8066,257
8067,194
8068,158
8069,132
8070,151
8071,181
8072,252
8073,341
8074,370
8075,377
8076,350
8077,314
8078,295
8079,228
8080,226
8081,265
8082,271
8083,329
8084,363
8085,452
8086,530
8087,482
8088,406
8089,359
8090,242
8091,167
8092,155
8093,120
8094,148
8095,236
8096,342
8097,393
8098,417
8099,382
8100,344
8101,332
8102,302
8103,236
8104,221
8105,256
8106,271
8107,322
8108,404
8109,452
8110,531
8111,501
8112,447
8113,360
8114,269
8115,187
8116,138
8117,150
8118,191
8119,266
8120,370
8121,386
8122,392
8123,363
8124,313
8125,302
8126,265
8127,233
8128,239
8129,224
8130,251
8131,331
8132,400
8133,467
8134,548
8135,509
8136,471
8137,365
8138,244
8139,174
8140,146
8141,138
8142,166
8143,266
8144,344
8145,379
8146,389
8147,372
8148,335
8149,320
8150,281
8151,235
8152,227
8153,252
8154,269
8155,320
8156,404
8157,440
8158,531
8159,506
8160,475
8161,379
8162,283
8163,184
8164,137
8165,125
8166,175
8167,299
8168,390
8169,442
8170,431
8171,417
8172,367
8173,331
8174,270
8175,255
8176,220
8177,240
8178,255
8179,303
8180,366
8181,473
8182,559
8183,530
8184,427
8185,337
8186,252
8187,201
8188,136
8189,131
8190,169
8191,253
8192,355
8193,438
8194,496
8195,587
8196,518
8197,517
8198,636
8199,560
8200,463
8201,416
8202,373
8203,391
8204,438
8205,489
8206,545
8207,542
8208,479
8209,395
8210,308
8211,223
8212,181
8213,179
8214,178
8215,238
8216,357
8217,416
8218,462
8219,459
8220,401
8221,360
8222,314
8223,278
8224,243
8225,268
8226,293
8227,318
8228,393
8229,423
8230,461
8231,504
8232,438
8233,375
8234,264
8235,194
8236,160
8237,144
8238,123
8239,176
8240,255
8241,355
8242,381
8243,398
8244,390
8245,340
8246,329
8247,272
8248,257
8249,277
8250,288
8251,374
8252,448
8253,498
8254,544
8255,519
8256,427
8257,366
8258,242
8259,183
8260,155
8261,141
8262,196
8263,415
8264,463
8265,491
8266,534
8267,554
8268,618
8269,542
8270,499
8271,457
8272,396
8273,445
8274,444
8275,451
8276,515
8277,551
8278,622
8279,581
8280,507
8281,429
8282,325
8283,222
8284,191
8285,183
8286,204
8287,311
8288,417
8289,458
8290,442
8291,420
8292,373
8293,345
8294,299
8295,276
8296,266
8297,267
8298,316
8299,551
8300,663
8301,745
8302,732
8303,621
8304,536
8305,455
8306,366
8307,239
8308,207
8309,187
8310,212
8311,306
8312,410
8313,443
8314,489
8315,437
8316,368
8317,355
8318,329
8319,266
8320,256
8321,280
8322,281
8323,378
8324,407
8325,517
8326,570
8327,536
8328,469
8329,396
8330,316
8331,205
8332,177
8333,168
8334,186
8335,297
8336,397
8337,449
8338,449
8339,442
8340,371
8341,376
8342,315
8343,274
8344,245
8345,304
8346,256
8347,343
8348,380
8349,517
8350,585
8351,540
8352,461
8353,366
8354,274
8355,203
8356,160
8357,149
8358,167
8359,265
8360,363
8361,401
8362,387
8363,402
8364,359
8365,286
8366,282
8367,272
8368,274
8369,283
8370,288
8371,359
8372,416
8373,436
8374,489
8375,519
8376,483
8377,469
8378,400
8379,367
8380,394
8381,333
8382,302
8383,344
8384,427
8385,475
8386,469
8387,456
8388,440
8389,379
8390,359
8391,319
8392,374
8393,508
8394,470
8395,899
8396,848
8397,748
8398,766
8399,752
8400,650
8401,529
8402,450
8403,323
8404,276
8405,239
8406,224
8407,274
8408,355
8409,438
8410,493
8411,495
8412,462
8413,413
8414,377
8415,330
8416,299
8417,322
8418,312
8419,374
8420,448
8421,489
8422,569
8423,556
8424,458
8425,401
8426,299
8427,205
8428,164
8429,172
8430,196
8431,310
8432,400
8433,452
8434,462
8435,442
8436,394
8437,339
8438,298
8439,258
8440,256
8441,256
8442,294
8443,354
8444,415
8445,506
8446,573
8447,525
8448,476
8449,385
8450,306
8451,208
8452,164
8453,157
8454,192
8455,306
8456,402
8457,465
8458,453
8459,399
8460,349
8461,297
8462,278
8463,264
8464,262
8465,236
8466,236
8467,328
8468,393
8469,520
8470,561
8471,532
8472,478
8473,388
8474,292
8475,205
8476,157
8477,149
8478,189
8479,278
8480,382
8481,427
8482,429
8483,414
8484,371
8485,308
8486,303
8487,265
8488,241
8489,256
8490,267
8491,353
8492,414
8493,470
8494,594
8495,537
8496,471
8497,400
8498,287
8499,197
8500,160
8501,140
8502,166
8503,294
8504,392
8505,444
8506,442
8507,414
8508,368
8509,326
8510,282
8511,264
8512,243
8513,266
8514,283
8515,345
8516,408
8517,476
8518,561
8519,546
8520,464
8521,381
8522,272
8523,186
8524,158
8525,150
8526,169
8527,272
8528,371
8529,460
8530,440
8531,387
8532,345
8533,295
8534,283
8535,262
8536,233
8537,284
8538,281
8539,324
8540,385
8541,456
8542,518
8543,480
8544,443
8545,332
8546,268
8547,207
8548,172
8549,146
8550,163
8551,388
8552,448
8553,415
8554,504
8555,461
8556,387
8557,367
8558,338
8559,307
8560,234
8561,300
8562,290
8563,348
8564,377
8565,440
8566,514
8567,483
8568,422
8569,370
8570,265
8571,196
8572,173
8573,160
8574,153
8575,208
8576,310
8577,360
8578,400
8579,379
8580,373
8581,319
8582,302
8583,263
8584,260
8585,256
8586,276
8587,346
8588,435
8589,460
8590,519
8591,516
8592,438
8593,365
8594,269
8595,169
8596,162
8597,139
8598,159
8599,279
8600,375
8601,442
8602,445
8603,405
8604,367
8605,348
8606,276
8607,251
8608,265
8609,247
8610,265
8611,338
8612,393
8613,487
8614,549
8615,515
8616,471
8617,372
8618,275
8619,197
8620,156
8621,140
8622,187
8623,281
8624,403
8625,459
8626,484
8627,419
8628,375
8629,334
8630,279
8631,274
8632,253
8633,240
8634,273
8635,344
8636,400
8637,490
8638,558
8639,519
8640,463
8641,382
8642,258
8643,197
8644,138
8645,163
8646,164
8647,257
8648,396
8649,454
8650,446
8651,409
8652,325
8653,324
8654,298
8655,245
8656,252
8657,249
8658,269
8659,350
8660,426
8661,535
8662,539
8663,516
8664,461
8665,349
8666,263
8667,184
8668,161
8669,136
8670,144
8671,242
8672,351
8673,365
8674,433
8675,372
8676,321
8677,488
8678,458
8679,465
8680,386
8681,382
8682,403
8683,519
8684,637
8685,733
8686,753
8687,704
8688,587
8689,480
8690,388
8691,271
8692,234
8693,216
8694,222
8695,312
8696,419
8697,504
8698,479
8699,437
8700,361
8701,341
8702,308
8703,306
8704,291
8705,293
8706,291
8707,375
8708,421
8709,468
8710,531
8711,536
8712,468
8713,400
8714,316
8715,224
8716,175
8717,159
8718,170
8719,215
8720,322
8721,395
8722,431
8723,433
8724,387
8725,371
8726,333
8727,256
8728,290
8729,292
8730,270
8731,347
8732,380
8733,462
8734,553
8735,537
8736,450
8737,383
8738,280
8739,225
8740,179
8741,152
8742,160
8743,181
8744,283
8745,390
8746,409
8747,441
8748,400
8749,410
8750,378
8751,391
8752,434
8753,398
8754,378
8755,444
8756,492
8757,528
8758,570
8759,579
8760,487
8761,403
8762,318
8763,216
8764,199
8765,214
8766,381
8767,526
8768,576
8769,591
8770,568
8771,508
8772,489
8773,446
8774,385
8775,351
8776,325
8777,324
8778,371
8779,420
8780,458
8781,537
8782,622
8783,586
8784,520
8785,422
8786,337
8787,214
8788,197
8789,176
8790,194
8791,290
8792,378
8793,413
8794,423
8795,407
8796,372
8797,353
8798,322
8799,297
8800,251
8801,274
8802,285
8803,358
8804,455
8805,502
8806,562
8807,544
8808,481
8809,393
8810,285
8811,196
8812,174
8813,156
8814,190
8815,285
8816,382
8817,439
8818,424
8819,401
8820,394
8821,340
8822,303
8823,276
8824,259
8825,281
8826,301
8827,412
8828,473
8829,558
8830,585
8831,571
8832,497
8833,422
8834,367
8835,319
8836,434
8837,389
8838,415
8839,456
8840,523
8841,555
8842,560
8843,486
8844,429
8845,379
8846,357
8847,322
8848,322
8849,311
8850,333
8851,388
8852,448
8853,525
8854,598
8855,553
8856,504
8857,426
8858,347
8859,232
8860,189
8861,173
8862,211
8863,333
8864,397
8865,437
8866,436
8867,435
8868,390
8869,344
8870,295
8871,277
8872,263
8873,304
8874,349
8875,379
8876,422
8877,494
8878,539
8879,582
8880,498
8881,489
8882,403
8883,338
8884,282
8885,235
8886,266
8887,320
8888,370
8889,445
8890,484
8891,496
8892,452
8893,425
8894,375
8895,304
8896,293
8897,328
8898,348
8899,378
8900,432
8901,466
8902,522
8903,538
8904,477
8905,437
8906,307
8907,215
8908,178
8909,180
8910,192
8911,228
8912,285
8913,394
8914,458
8915,489
8916,442
8917,397
8918,372
8919,308
8920,282
8921,290
8922,306
8923,398
8924,431
8925,505
8926,546
8927,550
8928,472
8929,402
8930,268
8931,192
8932,178
8933,156
8934,193
8935,306
8936,413
8937,452
8938,472
8939,405
8940,387
8941,376
8942,340
8943,281
8944,256
8945,279
8946,321
8947,359
8948,437
8949,506
8950,568
8951,543
8952,458
8953,381
8954,282
8955,212
8956,195
8957,157
8958,238
8959,300
8960,381
8961,405
8962,402
8963,385
8964,318
8965,298
8966,306
8967,271
8968,240
8969,258
8970,272
8971,337
8972,416
8973,512
8974,579
8975,561
8976,464
8977,369
8978,284
8979,196
8980,170
8981,155
8982,195
8983,315
8984,394
8985,432
8986,425
8987,408
8988,348
8989,315
8990,308
8991,290
8992,271
8993,284
8994,294
8995,357
8996,436
8997,488
8998,587
8999,540
9000,483
9001,404
9002,298
9003,223
9004,158
9005,160
9006,184
9007,315
9008,416
9009,488
9010,522
9011,564
9012,579
9013,550
9014,539
9015,553
9016,577
9017,627
9018,640
9019,703
9020,773
9021,822
9022,882
9023,906
9024,836
9025,769
9026,628
9027,512
9028,417
9029,359
9030,363
9031,433
9032,526
9033,541
9034,528
9035,527
9036,481
9037,440
9038,379
9039,386
9040,323
9041,340
9042,366
9043,421
9044,474
9045,524
9046,567
9047,570
9048,509
9049,444
9050,356
9051,250
9052,217
9053,180
9054,224
9055,275
9056,374
9057,429
9058,467
9059,488
9060,421
9061,389
9062,382
9063,310
9064,304
9065,468
9066,475
9067,497
9068,512
9069,585
9070,700
9071,871
9072,890
9073,812
9074,742
9075,619
9076,500
9077,416
9078,362
9079,395
9080,460
9081,507
9082,548
9083,537
9084,503
9085,472
9086,448
9087,360
9088,335
9089,358
9090,379
9091,415
9092,495
9093,524
9094,568
9095,571
9096,543
9097,446
9098,406
9099,298
9100,252
9101,238
9102,220
9103,281
9104,381
9105,438
9106,476
9107,495
9108,475
9109,426
9110,375
9111,336
9112,334
9113,312
9114,353
9115,441
9116,480
9117,526
9118,589
9119,611
9120,570
9121,457
9122,360
9123,279
9124,224
9125,197
9126,251
9127,324
9128,400
9129,439
9130,435
9131,429
9132,395
9133,398
9134,335
9135,303
9136,290
9137,283
9138,333
9139,406
9140,470
9141,518
9142,583
9143,561
9144,543
9145,513
9146,404
9147,288
9148,234
9149,226
9150,255
9151,340
9152,447
9153,504
9154,493
9155,484
9156,442
9157,388
9158,356
9159,338
9160,319
9161,294
9162,328
9163,396
9164,446
9165,553
9166,600
9167,581
9168,531
9169,429
9170,326
9171,226
9172,184
9173,170
9174,201
9175,298
9176,391
9177,416
9178,437
9179,458
9180,403
9181,340
9182,299
9183,287
9184,282
9185,840
9186,902
9187,1071
9188,1024
9189,892
9190,981
9191,1075
9192,920
9193,779
9194,713
9195,664
9196,651
9197,588
9198,549
9199,611
9200,691
9201,688
9202,662
9203,577
9204,508
9205,480
9206,453
9207,398
9208,411
9209,383
9210,389
9211,455
9212,513
9213,560
9214,628
9215,627
9216,532
9217,466
9218,405
9219,295
9220,250
9221,223
9222,219
9223,281
9224,368
9225,444
9226,498
9227,522
9228,460
9229,426
9230,408
9231,337
9232,323
9233,339
9234,364
9235,398
9236,436
9237,493
9238,543
9239,539
9240,474
9241,415
9242,355
9243,252
9244,219
9245,202
9246,210
9247,271
9248,314
9249,386
9250,439
9251,481
9252,418
9253,428
9254,415
9255,335
9256,296
9257,343
9258,332
9259,408
9260,462
9261,530
9262,564
9263,558
9264,484
9265,395
9266,300
9267,210
9268,192
9269,167
9270,191
9271,316
9272,380
9273,416
9274,434
9275,423
9276,380
9277,364
9278,350
9279,312
9280,390
9281,567
9282,561
9283,649
9284,731
9285,1151
9286,1160
9287,981
9288,822
9289,611
9290,494
9291,393
9292,320
9293,279
9294,321
9295,385
9296,496
9297,560
9298,569
9299,550
9300,477
9301,438
9302,693
9303,659
9304,497
9305,474
9306,446
9307,509
9308,585
9309,630
9310,661
9311,621
9312,546
9313,479
9314,395
9315,290
9316,237
9317,227
9318,241
9319,371
9320,488
9321,553
9322,551
9323,523
9324,436
9325,416
9326,405
9327,341
9328,298
9329,316
9330,357
9331,421
9332,473
9333,546
9334,592
9335,586
9336,538
9337,439
9338,351
9339,253
9340,200
9341,173
9342,197
9343,343
9344,419
9345,464
9346,476
9347,455
9348,411
9349,359
9350,330
9351,301
9352,298
9353,324
9354,317
9355,372
9356,445
9357,524
9358,562
9359,557
9360,511
9361,400
9362,328
9363,241
9364,175
9365,170
9366,210
9367,331
9368,425
9369,466
9370,467
9371,448
9372,380
9373,353
9374,348
9375,298
9376,263
9377,269
9378,322
9379,370
9380,573
9381,702
9382,726
9383,638
9384,578
9385,472
9386,376
9387,292
9388,240
9389,242
9390,297
9391,396
9392,421
9393,538
9394,585
9395,631
9396,624
9397,650
9398,651
9399,632
9400,647
9401,646
9402,633
9403,607
9404,633
9405,645
9406,698
9407,643
9408,553
9409,476
9410,412
9411,292
9412,269
9413,234
9414,228
9415,280
9416,400
9417,495
9418,569
9419,555
9420,507
9421,466
9422,426
9423,403
9424,363
9425,340
9426,363
9427,433
9428,474
9429,522
9430,578
9431,562
9432,505
9433,425
9434,333
9435,240
9436,209
9437,175
9438,200
9439,321
9440,434
9441,494
9442,480
9443,498
9444,403
9445,446
9446,366
9447,297
9448,261
9449,356
9450,333
9451,400
9452,449
9453,526
9454,598
9455,617
9456,503
9457,402
9458,305
9459,209
9460,185
9461,161
9462,188
9463,287
9464,420
9465,441
9466,502
9467,466
9468,428
9469,370
9470,335
9471,286
9472,275
9473,325
9474,306
9475,371
9476,447
9477,501
9478,563
9479,574
9480,491
9481,436
9482,340
9483,213
9484,159
9485,173
9486,205
9487,332
9488,443
9489,509
9490,494
9491,424
9492,415
9493,365
9494,344
9495,293
9496,255
9497,299
9498,331
9499,386
9500,450
9501,556
9502,578
9503,546
9504,495
9505,394
9506,323
9507,210
9508,179
9509,156
9510,199
9511,344
9512,409
9513,466
9514,527
9515,451
9516,394
9517,364
9518,350
9519,292
9520,269
9521,279
9522,298
9523,362
9524,449
9525,519
9526,587
9527,556
9528,479
9529,395
9530,280
9531,215
9532,188
9533,148
9534,210
9535,309
9536,419
9537,458
9538,504
9539,460
9540,407
9541,373
9542,351
9543,289
9544,271
9545,250
9546,336
9547,355
9548,423
9549,474
9550,556
9551,534
9552,459
9553,402
9554,296
9555,223
9556,191
9557,159
9558,170
9559,240
9560,390
9561,444
9562,526
9563,499
9564,454
9565,408
9566,375
9567,316
9568,311
9569,296
9570,296
9571,344
9572,418
9573,428
9574,471
9575,488
9576,462
9577,404
9578,346
9579,228
9580,180
9581,151
9582,150
9583,227
9584,359
9585,415
9586,482
9587,488
9588,433
9589,403
9590,377
9591,330
9592,281
9593,282
9594,299
9595,341
9596,421
9597,472
9598,546
9599,529
9600,476
9601,396
9602,285
9603,198
9604,169
9605,149
9606,173
9607,310
9608,409
9609,417
9610,471
9611,398
9612,385
9613,336
9614,287
9615,272
9616,244
9617,254
9618,365
9619,418
9620,415
9621,504
9622,597
9623,562
9624,488
9625,388
9626,301
9627,194
9628,168
9629,148
9630,212
9631,299
9632,383
9633,439
9634,453
9635,416
9636,359
9637,330
9638,322
9639,281
9640,266
9641,286
9642,300
9643,357
9644,426
9645,520
9646,577
9647,550
9648,475
9649,398
9650,327
9651,196
9652,166
9653,133
9654,181
9655,298
9656,391
9657,444
9658,510
9659,441
9660,367
9661,350
9662,344
9663,272
9664,266
9665,266
9666,299
9667,376
9668,428
9669,502
9670,562
9671,562
9672,480
9673,394
9674,293
9675,197
9676,176
9677,150
9678,185
9679,284
9680,376
9681,410
9682,458
9683,446
9684,383
9685,361
9686,322
9687,290
9688,251
9689,259
9690,291
9691,382
9692,448
9693,489
9694,560
9695,528
9696,478
9697,405
9698,313
9699,195
9700,175
9701,150
9702,171
9703,275
9704,398
9705,434
9706,472
9707,463
9708,393
9709,371
9710,326
9711,267
9712,254
9713,276
9714,286
9715,356
9716,418
9717,454
9718,519
9719,549
9720,463
9721,390
9722,315
9723,203
9724,170
9725,156
9726,169
9727,242
9728,361
9729,442
9730,492
9731,503
9732,423
9733,395
9734,357
9735,308
9736,284
9737,293
9738,302
9739,357
9740,399
9741,427
9742,512
9743,492
9744,428
9745,385
9746,277
9747,210
9748,171
9749,162
9750,170
9751,210
9752,334
9753,412
9754,462
9755,454
9756,436
9757,385
9758,362
9759,321
9760,289
9761,288
9762,308
9763,343
9764,385
9765,448
9766,503
9767,472
9768,443
9769,379
9770,292
9771,235
9772,167
9773,140
9774,168
9775,212
9776,324
9777,408
9778,448
9779,463
9780,402
9781,379
9782,343
9783,278
9784,303
9785,288
9786,322
9787,359
9788,396
9789,455
9790,518
9791,514
9792,444
9793,360
9794,295
9795,195
9796,153
9797,145
9798,161
9799,210
9800,304
9801,400
9802,424
9803,445
9804,394
9805,355
9806,311
9807,278
9808,272
9809,273
9810,288
9811,335
9812,376
9813,431
9814,490
9815,506
9816,437
9817,354
9818,287
9819,206
9820,151
9821,146
9822,178
9823,267
9824,303
9825,374
9826,411
9827,415
9828,398
9829,384
9830,343
9831,357
9832,354
9833,313
9834,323
9835,368
9836,410
9837,444
9838,516
9839,507
9840,455
9841,399
9842,268
9843,207
9844,186
9845,171
9846,162
9847,188
9848,266
9849,328
9850,380
9851,502
9852,486
9853,440
9854,400
9855,380
9856,410
9857,424
9858,415
9859,464
9860,500
9861,539
9862,641
9863,643
9864,673
9865,597
9866,559
9867,553
9868,459
9869,422
9870,378
9871,412
9872,451
9873,487
9874,532
9875,562
9876,486
9877,453
9878,416
9879,380
9880,343
9881,321
9882,360
9883,377
9884,431
9885,514
9886,518
9887,522
9888,460
9889,393
9890,326
9891,260
9892,184
9893,160
9894,183
9895,231
9896,342
9897,419
9898,485
9899,533
9900,444
9901,410
9902,385
9903,308
9904,321
9905,292
9906,326
9907,368
9908,381
9909,437
9910,510
9911,493
9912,439
9913,412
9914,338
9915,232
9916,190
9917,152
9918,152
9919,223
9920,316
9921,407
9922,476
9923,496
9924,424
9925,420
9926,380
9927,308
9928,313
9929,277
9930,314
9931,365
9932,427
9933,497
9934,552
9935,517
9936,477
9937,397
9938,254
9939,178
9940,164
9941,141
9942,168
9943,276
9944,355
9945,453
9946,429
9947,412
9948,376
9949,350
9950,315
9951,279
9952,271
9953,256
9954,298
9955,430
9956,524
9957,554
9958,588
9959,540
9960,466
9961,384
9962,296
9963,212
9964,162
9965,151
9966,173
9967,273
9968,367
9969,414
9970,431
9971,406
9972,365
9973,336
9974,301
9975,254
9976,229
9977,253
9978,297
9979,371
9980,432
9981,503
9982,561
9983,526
9984,503
9985,410
9986,297
9987,199
9988,170
9989,155
9990,187
9991,313
9992,402
9993,440
9994,452
9995,442
9996,396
9997,344
9998,298
9999,260
10000,268
10001,274
10002,308
10003,362
10004,451
10005,495
10006,569
10007,545
10008,457
10009,390
10010,285
10011,190
10012,162
10013,145
10014,201
10015,273
10016,389
10017,417
10018,463
10019,429
10020,379
10021,317
10022,319
10023,266
10024,241
10025,270
10026,307
10027,367
10028,413
10029,480
10030,565
10031,571
10032,466
10033,395
10034,278
10035,209
10036,154
10037,179
10038,239
10039,312
10040,376
10041,414
10042,438
10043,469
10044,746
10045,632
10046,530
10047,440
10048,394
10049,370
10050,421
10051,461
10052,526
10053,557
10054,581
10055,542
10056,508
10057,441
10058,356
10059,243
10060,230
10061,188
10062,197
10063,259
10064,370
10065,438
10066,476
10067,512
10068,440
10069,397
10070,399
10071,335
10072,293
10073,288
10074,324
10075,352
10076,405
10077,460
10078,536
10079,509
10080,444
10081,386
10082,299
10083,222
10084,189
10085,157
10086,158
10087,203
10088,307
10089,413
10090,443
10091,492
10092,413
10093,413
10094,354
10095,276
10096,294
10097,280
10098,294
10099,364
10100,439
10101,465
10102,541
10103,553
10104,447
10105,385
10106,286
10107,199
10108,163
10109,145
10110,170
10111,266
10112,387
10113,446
10114,449
10115,431
10116,382
10117,370
10118,330
10119,268
10120,241
10121,275
10122,284
10123,358
10124,430
10125,493
10126,554
10127,522
10128,473
10129,382
10130,289
10131,214
10132,170
10133,158
10134,182
10135,281
10136,378
10137,400
10138,398
10139,374
10140,337
10141,324
10142,299
10143,329
10144,422
10145,509
10146,473
10147,501
10148,525
10149,595
10150,614
10151,599
10152,520
10153,449
10154,356
10155,237
10156,199
10157,184
10158,197
10159,287
10160,417
10161,462
10162,494
10163,477
10164,428
10165,406
10166,349
10167,324
10168,311
10169,273
10170,349
10171,421
10172,479
10173,539
10174,590
10175,552
10176,495
10177,419
10178,320
10179,226
10180,184
10181,169
10182,195
10183,296
10184,406
10185,441
10186,456
10187,433
10188,390
10189,351
10190,347
10191,278
10192,267
10193,270
10194,310
10195,384
10196,455
10197,495
10198,571
10199,550
10200,469
10201,390
10202,318
10203,262
10204,234
10205,251
10206,297
10207,540
10208,618
10209,639
10210,578
10211,521
10212,470
10213,428
10214,395
10215,389
10216,442
10217,429
10218,402
10219,486
10220,533
10221,552
10222,603
10223,642
10224,589
10225,511
10226,417
10227,304
10228,250
10229,221
10230,222
10231,262
10232,389
10233,480
10234,509
10235,519
10236,453
10237,413
10238,362
10239,360
10240,325
10241,331
10242,342
10243,410
10244,442
10245,461
10246,517
10247,534
10248,455
10249,422
10250,331
10251,218
10252,187
10253,172
10254,155
10255,209
10256,309
10257,393
10258,436
10259,468
10260,436
10261,400
10262,368
10263,293
10264,287
10265,284
10266,343
10267,381
10268,446
10269,515
10270,560
10271,548
10272,448
10273,386
10274,281
10275,194
10276,167
10277,149
10278,172
10279,283
10280,405
10281,457
10282,459
10283,433
10284,386
10285,375
10286,320
10287,283
10288,275
10289,264
10290,283
10291,375
10292,441
10293,531
10294,589
10295,536
10296,466
10297,382
10298,280
10299,194
10300,181
10301,154
10302,167
10303,281
10304,394
10305,428
10306,494
10307,427
10308,374
10309,341
10310,279
10311,276
10312,255
10313,275
10314,299
10315,367
10316,427
10317,493
10318,546
10319,551
10320,483
10321,417
10322,274
10323,207
10324,169
10325,147
10326,177
10327,295
10328,388
10329,421
10330,436
10331,398
10332,356
10333,347
10334,295
10335,269
10336,233
10337,279
10338,334
10339,377
10340,456
10341,544
10342,566
10343,705
10344,597
10345,660
10346,1024
10347,729
10348,487
10349,374
10350,370
10351,413
10352,475
10353,533
10354,516
10355,495
10356,449
10357,399
10358,430
10359,859
10360,821
10361,692
10362,586
10363,592
10364,618
10365,681
10366,774
10367,798
10368,686
10369,866
10370,0
10371,0
10372,0
10373,0
10374,0
10375,0
10376,0
10377,0
10378,0
10379,0
10380,0
10381,0
10382,0
10383,155
10384,353
10385,382
10386,385
10387,456
10388,496
10389,533
10390,596
10391,582
10392,516
10393,447
10394,352
10395,255
10396,224
10397,177
10398,217
10399,278
10400,399
10401,475
10402,499
10403,498
10404,435
10405,425
10406,391
10407,317
10408,337
10409,326
10410,324
10411,392
10412,451
10413,562
10414,811
10415,975
10416,804
10417,648
10418,508
10419,365
10420,329
10421,272
10422,250
10423,279
10424,373
10425,463
10426,522
10427,534
10428,488
10429,457
10430,412
10431,384
10432,331
10433,348
10434,347
10435,428
10436,510
10437,586
10438,603
10439,556
10440,483
10441,416
10442,297
10443,220
10444,199
10445,164
10446,188
10447,306
10448,420
10449,477
10450,517
10451,472
10452,409
10453,370
10454,356
10455,324
10456,281
10457,298
10458,320
10459,400
10460,462
10461,553
10462,608
10463,551
10464,483
10465,413
10466,293
10467,202
10468,190
10469,166
10470,183
10471,302
10472,446
10473,455
10474,477
10475,465
10476,382
10477,352
10478,315
10479,280
10480,283
10481,275
10482,322
10483,387
10484,455
10485,526
10486,576
10487,557
10488,471
10489,406
10490,294
10491,209
10492,178
10493,152
10494,187
10495,296
10496,406
10497,436
10498,464
10499,459
10500,402
10501,370
10502,326
10503,297
10504,304
10505,319
10506,368
10507,476
10508,518
10509,576
10510,637
10511,612
10512,512
10513,423
10514,309
10515,204
10516,189
10517,177
10518,215
10519,354
10520,481
10521,483
10522,491
10523,456
10524,400
10525,386
10526,306
10527,297
10528,277
10529,335
10530,311
10531,416
10532,484
10533,583
10534,632
10535,606
10536,511
10537,422
10538,317
10539,235
10540,191
10541,149
10542,206
10543,333
10544,444
10545,442
10546,429
10547,407
10548,353
10549,360
10550,317
10551,267
10552,277
10553,287
10554,340
10555,405
10556,456
10557,519
10558,589
10559,578
10560,499
10561,430
10562,318
10563,220
10564,193
10565,170
10566,189
10567,255
10568,383
10569,459
10570,520
10571,509
10572,420
10573,416
10574,370
10575,338
10576,314
10577,327
10578,324
10579,378
10580,467
10581,508
10582,553
10583,541
10584,485
10585,414
10586,317
10587,214
10588,186
10589,156
10590,163
10591,235
10592,381
10593,473
10594,497
10595,524
10596,425
10597,425
10598,348
10599,330
10600,270
10601,274
10602,339
10603,406
10604,473
10605,515
10606,548
10607,561
10608,493
10609,400
10610,280
10611,195
10612,176
10613,138
10614,181
10615,262
10616,380
10617,448
10618,475
10619,464
10620,445
10621,400
10622,335
10623,307
10624,277
10625,287
10626,359
10627,420
10628,487
10629,588
10630,628
10631,568
10632,483
10633,392
10634,266
10635,199
10636,150
10637,164
10638,217
10639,337
10640,441
10641,451
10642,485
10643,452
10644,383
10645,321
10646,318
10647,295
10648,270
10649,259
10650,277
10651,428
10652,468
10653,557
10654,619
10655,592
10656,513
10657,405
10658,284
10659,217
10660,176
10661,162
10662,204
10663,307
10664,425
10665,439
10666,408
10667,396
10668,370
10669,322
10670,299
10671,286
10672,269
10673,284
10674,332
10675,414
10676,489
10677,569
10678,625
10679,618
10680,514
10681,432
10682,306
10683,216
10684,166
10685,161
10686,201
10687,352
10688,477
10689,478
10690,463
10691,442
10692,390
10693,346
10694,296
10695,280
10696,276
10697,292
10698,303
10699,409
10700,495
10701,538
10702,620
10703,632
10704,512
10705,418
10706,301
10707,206
10708,179
10709,151
10710,215
10711,350
10712,447
10713,474
10714,462
10715,444
10716,385
10717,330
10718,300
10719,291
10720,310
10721,284
10722,299
10723,373
10724,454
10725,501
10726,586
10727,567
10728,496
10729,421
10730,344
10731,243
10732,203
10733,163
10734,165
10735,237
10736,325
10737,454
10738,480
10739,454
10740,415
10741,365
10742,338
10743,326
10744,288
10745,291
10746,316
10747,387
10748,466
10749,509
10750,556
10751,550
10752,493
10753,407
10754,311
10755,216
10756,177
10757,163
10758,166
10759,202
10760,305
10761,401
10762,450
10763,445
10764,414
10765,393
10766,340
10767,317
10768,308
10769,444
10770,508
10771,549
10772,642
10773,666
10774,767
10775,649
10776,489
10777,405
10778,305
10779,229
10780,205
10781,186
10782,184
10783,259
10784,388
10785,475
10786,495
10787,502
10788,463
10789,409
10790,355
10791,315
10792,313
10793,296
10794,349
10795,439
10796,530
10797,609
10798,642
10799,579
10800,488
10801,402
10802,290
10803,208
10804,184
10805,160
10806,197
10807,334
10808,460
10809,467
10810,474
10811,410
10812,348
10813,311
10814,314
10815,284
10816,248
10817,270
10818,308
10819,393
10820,506
10821,586
10822,618
10823,583
10824,506
10825,429
10826,314
10827,223
10828,175
10829,170
10830,186
10831,343
10832,495
10833,581
10834,481
10835,445
10836,398
10837,346
10838,352
10839,302
10840,263
10841,295
10842,308
10843,412
10844,514
10845,580
10846,620
10847,594
10848,515
10849,417
10850,335
10851,223
10852,176
10853,153
10854,193
10855,345
10856,454
10857,473
10858,477
10859,451
10860,381
10861,333
10862,333
10863,290
10864,268
10865,273
10866,309
10867,415
10868,520
10869,583
10870,653
10871,631
10872,537
10873,486
10874,316
10875,226
10876,181
10877,165
10878,196
10879,338
10880,438
10881,444
10882,450
10883,420
10884,378
10885,344
10886,333
10887,300
10888,259
10889,270
10890,318
10891,421
10892,494
10893,526
10894,589
10895,573
10896,485
10897,421
10898,342
10899,218
10900,190
10901,175
10902,185
10903,261
10904,396
10905,452
10906,487
10907,443
10908,406
10909,373
10910,315
10911,274
10912,310
10913,311
10914,330
10915,417
10916,467
10917,496
10918,547
10919,527
10920,471
10921,389
10922,288
10923,226
10924,184
10925,158
10926,138
10927,200
10928,324
10929,456
10930,508
10931,495
10932,450
10933,430
10934,354
10935,296
10936,251
10937,287
10938,352
10939,438
10940,480
10941,553
10942,600
10943,578
10944,487
10945,368
10946,262
10947,186
10948,165
10949,155
10950,188
10951,312
10952,426
10953,450
10954,457
10955,462
10956,374
10957,328
10958,303
10959,260
10960,277
10961,262
10962,309
10963,399
10964,446
10965,536
10966,599
10967,584
10968,521
10969,430
10970,290
10971,187
10972,174
10973,135
10974,182
10975,322
